created_at,user_name,screen_name,description,user_location,text,language,hashtags,media_url,source,coordinates,place,time_zone
2022-03-17 10:51:25+00:00,Manuel HernÃ¡ndez Lafuente âš“ğŸŒ±ğŸ“·,ManuelHdezLaf,"CapitÃ¡n de la Marina Mercante, jubilado. FotografÃ­a. Solo fotos tomadas por mi. Captain of the Merchant Navy, retired. All photographs are taken by me.","Valencia, EspaÃ±a","Â«2030Â»
Pere Baenas GarcÃ­a
Falla Convento JerusalÃ©n - MatemÃ tic Marzal
1er. Premio SecciÃ³n Especial #Fallas2022 https://t.co/UKvvrMYwwQ",es,['Fallas2022'],['https://pbs.twimg.com/media/FOC8-UhXIAMYHEu.jpg'],Twitter Web App,,,
2022-03-17 10:35:34+00:00,Manuel HernÃ¡ndez Lafuente âš“ğŸŒ±ğŸ“·,ManuelHdezLaf,"CapitÃ¡n de la Marina Mercante, jubilado. FotografÃ­a. Solo fotos tomadas por mi. Captain of the Merchant Navy, retired. All photographs are taken by me.","Valencia, EspaÃ±a","Â«2030Â»
Pere Baenas GarcÃ­a
Falla Convento JerusalÃ©n - MatemÃ tic Marzal
1er. Premio SecciÃ³n Especial #Fallas2022 https://t.co/BTfvBrCfjI",es,['Fallas2022'],['https://pbs.twimg.com/media/FOC5VHEXEAkk4vr.jpg'],Twitter Web App,,,
2022-03-16 17:22:25+00:00,Manuel HernÃ¡ndez Lafuente âš“ğŸŒ±ğŸ“·,ManuelHdezLaf,"CapitÃ¡n de la Marina Mercante, jubilado. FotografÃ­a. Solo fotos tomadas por mi. Captain of the Merchant Navy, retired. All photographs are taken by me.","Valencia, EspaÃ±a","Carrer Roger de Flor
Valencia #Fallas2022 
https://t.co/u36KZ99JbE https://t.co/OBNJAPwkwN",ca,['Fallas2022'],['https://pbs.twimg.com/media/FN_M3D_WUA8nbbV.jpg'],Twitter Web App,,,
2022-03-16 16:59:08+00:00,Manuel HernÃ¡ndez Lafuente âš“ğŸŒ±ğŸ“·,ManuelHdezLaf,"CapitÃ¡n de la Marina Mercante, jubilado. FotografÃ­a. Solo fotos tomadas por mi. Captain of the Merchant Navy, retired. All photographs are taken by me.","Valencia, EspaÃ±a","#Iridaceae
#Iris albicans Lange / Lirio blanco. Cemetery iris. Iris blanchissant. https://t.co/LiVTQ7j8R9",fr,"['Iridaceae', 'Iris']",['https://pbs.twimg.com/media/FN_Hd_BWUAAvltR.jpg'],Twitter Web App,,,
2022-03-16 07:00:56+00:00,Manuel HernÃ¡ndez Lafuente âš“ğŸŒ±ğŸ“·,ManuelHdezLaf,"CapitÃ¡n de la Marina Mercante, jubilado. FotografÃ­a. Solo fotos tomadas por mi. Captain of the Merchant Navy, retired. All photographs are taken by me.","Valencia, EspaÃ±a",Silencio y belleza https://t.co/2Ojiq0T9Nf,es,,['https://pbs.twimg.com/media/FN8-XAoXwAQU8ro.jpg'],Twitter Web App,,,
2022-03-16 06:04:45+00:00,Manuel HernÃ¡ndez Lafuente âš“ğŸŒ±ğŸ“·,ManuelHdezLaf,"CapitÃ¡n de la Marina Mercante, jubilado. FotografÃ­a. Solo fotos tomadas por mi. Captain of the Merchant Navy, retired. All photographs are taken by me.","Valencia, EspaÃ±a",@JossettHermanni Mucha felicidad en tu dÃ­a ğŸğŸŒ…ğŸ˜˜ https://t.co/YUTY1Ew6j7,es,,['https://pbs.twimg.com/media/FN8xkyoWQAEX5WJ.jpg'],Twitter Web App,,,
2022-03-15 06:37:05+00:00,Manuel HernÃ¡ndez Lafuente âš“ğŸŒ±ğŸ“·,ManuelHdezLaf,"CapitÃ¡n de la Marina Mercante, jubilado. FotografÃ­a. Solo fotos tomadas por mi. Captain of the Merchant Navy, retired. All photographs are taken by me.","Valencia, EspaÃ±a","Amanece en el Puerto ğŸ“· 27/12/2014 ğŸŒ…âš“ï¸
https://t.co/qoVcHT4wQf https://t.co/sswIO9PRBH",es,,['https://pbs.twimg.com/media/FN3vgvZXwAAwO68.jpg'],Twitter Web App,,,
2022-03-13 17:26:31+00:00,Manuel HernÃ¡ndez Lafuente âš“ğŸŒ±ğŸ“·,ManuelHdezLaf,"CapitÃ¡n de la Marina Mercante, jubilado. FotografÃ­a. Solo fotos tomadas por mi. Captain of the Merchant Navy, retired. All photographs are taken by me.","Valencia, EspaÃ±a","#Rubiaceae
#Gardenia jasminoides J.Ellis / JazmÃ­n del Cabo. Gardenia. https://t.co/yLL3cF1OAx",ca,"['Rubiaceae', 'Gardenia']",['https://pbs.twimg.com/media/FNvxC2OWYAEO7OF.jpg'],Twitter Web App,,,
2022-03-06 18:45:17+00:00,Manuel HernÃ¡ndez Lafuente âš“ğŸŒ±ğŸ“·,ManuelHdezLaf,"CapitÃ¡n de la Marina Mercante, jubilado. FotografÃ­a. Solo fotos tomadas por mi. Captain of the Merchant Navy, retired. All photographs are taken by me.","Valencia, EspaÃ±a","#Onagraceae
#Oenothera rosea L'HÃ©r. ex Aiton / Hierba del golpe. Rose evening primrose. Onagre rosÃ©e. https://t.co/5mrJzjrbSx",ro,"['Onagraceae', 'Oenothera']",['https://pbs.twimg.com/media/FNL_8jRWQAklyDe.jpg'],Twitter Web App,,,
2022-03-06 09:59:23+00:00,Manuel HernÃ¡ndez Lafuente âš“ğŸŒ±ğŸ“·,ManuelHdezLaf,"CapitÃ¡n de la Marina Mercante, jubilado. FotografÃ­a. Solo fotos tomadas por mi. Captain of the Merchant Navy, retired. All photographs are taken by me.","Valencia, EspaÃ±a","Antiguo Faro de Valencia - @FarosLos @FarosdeEspana ğŸ“· 05/03/2022.
https://t.co/C1qwKERzkL https://t.co/tCNBwrze6P",es,,['https://pbs.twimg.com/media/FNKHjG1XMAcgIQo.jpg'],Twitter Web App,,,
2022-03-01 17:10:18+00:00,Manuel HernÃ¡ndez Lafuente âš“ğŸŒ±ğŸ“·,ManuelHdezLaf,"CapitÃ¡n de la Marina Mercante, jubilado. FotografÃ­a. Solo fotos tomadas por mi. Captain of the Merchant Navy, retired. All photographs are taken by me.","Valencia, EspaÃ±a","BesalÃº 
https://t.co/8qkkPQmDtp https://t.co/hb0FUexhZh",es,,['https://pbs.twimg.com/media/FMx6PtIXwAUBFdJ.jpg'],Twitter Web App,,,
2022-03-01 12:55:15+00:00,Manuel HernÃ¡ndez Lafuente âš“ğŸŒ±ğŸ“·,ManuelHdezLaf,"CapitÃ¡n de la Marina Mercante, jubilado. FotografÃ­a. Solo fotos tomadas por mi. Captain of the Merchant Navy, retired. All photographs are taken by me.","Valencia, EspaÃ±a","#Oleaceae
#Olea europaea L. / Olivo. Olive. Olivier d'Europe. https://t.co/Nz3Ijg4qxC",et,"['Oleaceae', 'Olea']",['https://pbs.twimg.com/media/FMw_4VQXMAIMMf_.jpg'],Twitter Web App,,,
2022-03-01 12:24:34+00:00,Manuel HernÃ¡ndez Lafuente âš“ğŸŒ±ğŸ“·,ManuelHdezLaf,"CapitÃ¡n de la Marina Mercante, jubilado. FotografÃ­a. Solo fotos tomadas por mi. Captain of the Merchant Navy, retired. All photographs are taken by me.","Valencia, EspaÃ±a","#Oleaceae
#Ligustrum ovalifolium Hassk. / Aligustre japonÃ©s. California privet. TroÃ¨ne des haies. https://t.co/SWqtKZagFb",ca,"['Oleaceae', 'Ligustrum']",['https://pbs.twimg.com/media/FMw42nrX0A0Eet9.jpg'],Twitter Web App,,,
2022-03-01 12:04:10+00:00,Manuel HernÃ¡ndez Lafuente âš“ğŸŒ±ğŸ“·,ManuelHdezLaf,"CapitÃ¡n de la Marina Mercante, jubilado. FotografÃ­a. Solo fotos tomadas por mi. Captain of the Merchant Navy, retired. All photographs are taken by me.","Valencia, EspaÃ±a","#Oleaceae
#Ligustrum japonicum Thunb. / Aligustre del JapÃ³n. Japanese privet. TroÃ©ne du Japon. https://t.co/qlyVR5NPKD",und,"['Oleaceae', 'Ligustrum']",['https://pbs.twimg.com/media/FMw0LxoWQAIan26.jpg'],Twitter Web App,,,
2022-03-01 11:10:19+00:00,Manuel HernÃ¡ndez Lafuente âš“ğŸŒ±ğŸ“·,ManuelHdezLaf,"CapitÃ¡n de la Marina Mercante, jubilado. FotografÃ­a. Solo fotos tomadas por mi. Captain of the Merchant Navy, retired. All photographs are taken by me.","Valencia, EspaÃ±a","#Nymphaeaceae
#Nymphaea odorata Aiton / NenÃºfar blanco americano. American white waterlily. NymphÃ©a odorant. https://t.co/L7z5HHfeSf",und,"['Nymphaeaceae', 'Nymphaea']",['https://pbs.twimg.com/media/FMwn3SsWQAQkL8e.jpg'],Twitter Web App,,,
2022-03-01 06:37:00+00:00,Manuel HernÃ¡ndez Lafuente âš“ğŸŒ±ğŸ“·,ManuelHdezLaf,"CapitÃ¡n de la Marina Mercante, jubilado. FotografÃ­a. Solo fotos tomadas por mi. Captain of the Merchant Navy, retired. All photographs are taken by me.","Valencia, EspaÃ±a","#Orchidaceae
#Phalaenopsis spp. null https://t.co/g9OJcGB0G4",in,"['Orchidaceae', 'Phalaenopsis']",['https://pbs.twimg.com/media/FMvpOzfXwAIxXPm.jpg'],Twitter Web App,,,
2022-02-28 17:09:10+00:00,Manuel HernÃ¡ndez Lafuente âš“ğŸŒ±ğŸ“·,ManuelHdezLaf,"CapitÃ¡n de la Marina Mercante, jubilado. FotografÃ­a. Solo fotos tomadas por mi. Captain of the Merchant Navy, retired. All photographs are taken by me.","Valencia, EspaÃ±a","Placeta Capellanes #Granada 
#FelizDiadeAndalucia 
https://t.co/lQcx4UQX1M https://t.co/KV8hiYW8J7",es,"['Granada', 'FelizDiadeAndalucia']",['https://pbs.twimg.com/media/FMsvslhWUAM0rXQ.jpg'],Twitter Web App,,,
2022-02-27 06:53:10+00:00,Manuel HernÃ¡ndez Lafuente âš“ğŸŒ±ğŸ“·,ManuelHdezLaf,"CapitÃ¡n de la Marina Mercante, jubilado. FotografÃ­a. Solo fotos tomadas por mi. Captain of the Merchant Navy, retired. All photographs are taken by me.","Valencia, EspaÃ±a","El Caballero, Ciudad de Alcudia &amp; Alexis ğŸ“· at the Valencia Port entrance on 21/02/2022âš“
https://t.co/EvX9vfYiHo https://t.co/UAswMyOegk",es,,['https://pbs.twimg.com/media/FMlZwP7XEAA2EGY.jpg'],Twitter Web App,,,
2022-02-21 13:25:16+00:00,Manuel HernÃ¡ndez Lafuente âš“ğŸŒ±ğŸ“·,ManuelHdezLaf,"CapitÃ¡n de la Marina Mercante, jubilado. FotografÃ­a. Solo fotos tomadas por mi. Captain of the Merchant Navy, retired. All photographs are taken by me.","Valencia, EspaÃ±a","#Asteraceae
#Calendula officinalis L. / CalÃ©ndula. https://t.co/hHAyUXIMmw",es,"['Asteraceae', 'Calendula']",['https://pbs.twimg.com/media/FMH6CMoX0AI2nz8.jpg'],Twitter Web App,,,
2022-02-20 12:12:46+00:00,Manuel HernÃ¡ndez Lafuente âš“ğŸŒ±ğŸ“·,ManuelHdezLaf,"CapitÃ¡n de la Marina Mercante, jubilado. FotografÃ­a. Solo fotos tomadas por mi. Captain of the Merchant Navy, retired. All photographs are taken by me.","Valencia, EspaÃ±a","#Asteraceae
#Rudbeckia hirta L. / Rudbeckia. Blackeyed Susan. Marguerite jaune. https://t.co/X1bhhKYfj1",fi,"['Asteraceae', 'Rudbeckia']",['https://pbs.twimg.com/media/FMCf2BrX0AEBOoY.jpg'],Twitter Web App,,,
2022-02-20 07:14:18+00:00,Manuel HernÃ¡ndez Lafuente âš“ğŸŒ±ğŸ“·,ManuelHdezLaf,"CapitÃ¡n de la Marina Mercante, jubilado. FotografÃ­a. Solo fotos tomadas por mi. Captain of the Merchant Navy, retired. All photographs are taken by me.","Valencia, EspaÃ±a","Amaneciendo en Port Bo, Calella de Palafrugell
https://t.co/p65Sk3MpN0 https://t.co/IGSeuHIqPK",es,,['https://pbs.twimg.com/media/FMBba91X0AQ3WEC.jpg'],Twitter Web App,,,
2022-02-19 10:31:06+00:00,Manuel HernÃ¡ndez Lafuente âš“ğŸŒ±ğŸ“·,ManuelHdezLaf,"CapitÃ¡n de la Marina Mercante, jubilado. FotografÃ­a. Solo fotos tomadas por mi. Captain of the Merchant Navy, retired. All photographs are taken by me.","Valencia, EspaÃ±a","Palau del MarquÃ©s de DosaigÃ¼es (Portada)
https://t.co/7xPVk6teXK https://t.co/BEBx1PtRxJ",ca,,['https://pbs.twimg.com/media/FL8--H2WYAMTBL8.jpg'],Twitter Web App,,,
2022-02-16 08:21:19+00:00,Manuel HernÃ¡ndez Lafuente âš“ğŸŒ±ğŸ“·,ManuelHdezLaf,"CapitÃ¡n de la Marina Mercante, jubilado. FotografÃ­a. Solo fotos tomadas por mi. Captain of the Merchant Navy, retired. All photographs are taken by me.","Valencia, EspaÃ±a","Isla de Mouro
https://t.co/dhtbXpw3Ha https://t.co/oKAyZsgvLU",fr,,['https://pbs.twimg.com/media/FLtEgQxXIAIn0xR.jpg'],Twitter Web App,,,
2022-02-13 06:52:39+00:00,Manuel HernÃ¡ndez Lafuente âš“ğŸŒ±ğŸ“·,ManuelHdezLaf,"CapitÃ¡n de la Marina Mercante, jubilado. FotografÃ­a. Solo fotos tomadas por mi. Captain of the Merchant Navy, retired. All photographs are taken by me.","Valencia, EspaÃ±a","Anoche en el Palau de les Arts por los Premios Goya.
Â¿Tiempos de pandemia? ğŸ“·ğŸ“±12/02/2022
https://t.co/KkdbNUoycC https://t.co/pOkVrM8FpI",es,,['https://pbs.twimg.com/media/FLdTczuX0AUWeAH.jpg'],Twitter Web App,,,
2022-02-10 06:04:04+00:00,Manuel HernÃ¡ndez Lafuente âš“ğŸŒ±ğŸ“·,ManuelHdezLaf,"CapitÃ¡n de la Marina Mercante, jubilado. FotografÃ­a. Solo fotos tomadas por mi. Captain of the Merchant Navy, retired. All photographs are taken by me.","Valencia, EspaÃ±a","@FarosLos Este era el antiguo, que estÃ¡ siendo demolido, comparado con el nuevo. https://t.co/q3NwVDe0jr",es,,['https://pbs.twimg.com/media/FLNreinWYAElYFN.jpg'],Twitter Web App,,,
2022-02-05 08:36:59+00:00,Manuel HernÃ¡ndez Lafuente âš“ğŸŒ±ğŸ“·,ManuelHdezLaf,"CapitÃ¡n de la Marina Mercante, jubilado. FotografÃ­a. Solo fotos tomadas por mi. Captain of the Merchant Navy, retired. All photographs are taken by me.","Valencia, EspaÃ±a","En el embarcadero
https://t.co/j9QPGr9NuX https://t.co/tLlA28lSFo",es,,['https://pbs.twimg.com/media/FK0enNLWYAULxLe.jpg'],Twitter Web App,,,
2022-02-04 17:25:45+00:00,Manuel HernÃ¡ndez Lafuente âš“ğŸŒ±ğŸ“·,ManuelHdezLaf,"CapitÃ¡n de la Marina Mercante, jubilado. FotografÃ­a. Solo fotos tomadas por mi. Captain of the Merchant Navy, retired. All photographs are taken by me.","Valencia, EspaÃ±a","#Toledo Calle ChapinerÃ­a
https://t.co/0uS9O1eUdk https://t.co/mBI5OLuNi4",es,['Toledo'],['https://pbs.twimg.com/media/FKxOCfcWYAcmdSF.jpg'],Twitter Web App,,,
2022-02-01 07:00:00+00:00,Manuel HernÃ¡ndez Lafuente âš“ğŸŒ±ğŸ“·,ManuelHdezLaf,"CapitÃ¡n de la Marina Mercante, jubilado. FotografÃ­a. Solo fotos tomadas por mi. Captain of the Merchant Navy, retired. All photographs are taken by me.","Valencia, EspaÃ±a","#FelizFebrero 2022
#HappyFebraury 2022 https://t.co/RNcjA6psrQ",und,"['FelizFebrero', 'HappyFebraury']",['https://pbs.twimg.com/media/FKfiCkkWQAMf57S.jpg'],Twitter Web App,,,
2022-01-31 17:22:26+00:00,Manuel HernÃ¡ndez Lafuente âš“ğŸŒ±ğŸ“·,ManuelHdezLaf,"CapitÃ¡n de la Marina Mercante, jubilado. FotografÃ­a. Solo fotos tomadas por mi. Captain of the Merchant Navy, retired. All photographs are taken by me.","Valencia, EspaÃ±a","Guadalest
https://t.co/8Xb0zdgmwm https://t.co/PwjkVFocfg",es,,['https://pbs.twimg.com/media/FKcm054WUAM96t0.jpg'],Twitter Web App,,,
2022-01-31 09:10:57+00:00,Manuel HernÃ¡ndez Lafuente âš“ğŸŒ±ğŸ“·,ManuelHdezLaf,"CapitÃ¡n de la Marina Mercante, jubilado. FotografÃ­a. Solo fotos tomadas por mi. Captain of the Merchant Navy, retired. All photographs are taken by me.","Valencia, EspaÃ±a","#Sarraceniaceae
#Sarracenia purpurea L. / Planta vasija. Common pitcherplant. SarracÃ©nie pourpre. https://t.co/tmhvo0aO0q",fr,"['Sarraceniaceae', 'Sarracenia']",['https://pbs.twimg.com/media/FKa2ZKAWQAAvgc8.jpg'],Twitter Web App,,,
2022-01-27 09:30:13+00:00,Manuel HernÃ¡ndez Lafuente âš“ğŸŒ±ğŸ“·,ManuelHdezLaf,"CapitÃ¡n de la Marina Mercante, jubilado. FotografÃ­a. Solo fotos tomadas por mi. Captain of the Merchant Navy, retired. All photographs are taken by me.","Valencia, EspaÃ±a","Cantos rodados / Boulders
https://t.co/QHPMn3AhdE https://t.co/wz8gcigtr8",pt,,['https://pbs.twimg.com/media/FKGT9TpXwAIKmYB.jpg'],Twitter Web App,,,
2022-01-24 17:09:39+00:00,Manuel HernÃ¡ndez Lafuente âš“ğŸŒ±ğŸ“·,ManuelHdezLaf,"CapitÃ¡n de la Marina Mercante, jubilado. FotografÃ­a. Solo fotos tomadas por mi. Captain of the Merchant Navy, retired. All photographs are taken by me.","Valencia, EspaÃ±a","Arco da Vila, frontal y trasero #Faro #Portugal 
https://t.co/T8zzwhGrPM
https://t.co/GDuRlCJL9C https://t.co/k37IXWGz7K",es,"['Faro', 'Portugal']",['https://pbs.twimg.com/media/FJ4gt8IXMAAnzqc.jpg'],Twitter Web App,,,
2022-01-24 11:37:36+00:00,Manuel HernÃ¡ndez Lafuente âš“ğŸŒ±ğŸ“·,ManuelHdezLaf,"CapitÃ¡n de la Marina Mercante, jubilado. FotografÃ­a. Solo fotos tomadas por mi. Captain of the Merchant Navy, retired. All photographs are taken by me.","Valencia, EspaÃ±a","Ayuntamiento de Oviedo
https://t.co/fJo0DnA5TX https://t.co/dvmrDNl7GD",es,,['https://pbs.twimg.com/media/FJ3Uu_xXMAAir9f.jpg'],Twitter Web App,,,
2022-01-23 07:13:15+00:00,Manuel HernÃ¡ndez Lafuente âš“ğŸŒ±ğŸ“·,ManuelHdezLaf,"CapitÃ¡n de la Marina Mercante, jubilado. FotografÃ­a. Solo fotos tomadas por mi. Captain of the Merchant Navy, retired. All photographs are taken by me.","Valencia, EspaÃ±a","Las Palomas de GaudÃ­
https://t.co/kCODLppAZF https://t.co/W7fV8AZoTW",es,,['https://pbs.twimg.com/media/FJxOws1XMAIDa8_.jpg'],Twitter Web App,,,
2022-01-22 16:59:06+00:00,Manuel HernÃ¡ndez Lafuente âš“ğŸŒ±ğŸ“·,ManuelHdezLaf,"CapitÃ¡n de la Marina Mercante, jubilado. FotografÃ­a. Solo fotos tomadas por mi. Captain of the Merchant Navy, retired. All photographs are taken by me.","Valencia, EspaÃ±a","Amaneciendo en la playa de Lloret de Mar
https://t.co/A75xJUlesx https://t.co/fIiWJZ4aiy",es,,['https://pbs.twimg.com/media/FJuKRXHWQAYabof.jpg'],Twitter Web App,,,
2022-01-21 07:14:12+00:00,Manuel HernÃ¡ndez Lafuente âš“ğŸŒ±ğŸ“·,ManuelHdezLaf,"CapitÃ¡n de la Marina Mercante, jubilado. FotografÃ­a. Solo fotos tomadas por mi. Captain of the Merchant Navy, retired. All photographs are taken by me.","Valencia, EspaÃ±a","Playa de Canellas / Platja de Canyelles #Girona
https://t.co/lW98LGfsWN https://t.co/2IO43kquBH",ca,['Girona'],['https://pbs.twimg.com/media/FJm7zZDX0AMScKg.jpg'],Twitter Web App,,,
2022-01-20 07:02:14+00:00,Manuel HernÃ¡ndez Lafuente âš“ğŸŒ±ğŸ“·,ManuelHdezLaf,"CapitÃ¡n de la Marina Mercante, jubilado. FotografÃ­a. Solo fotos tomadas por mi. Captain of the Merchant Navy, retired. All photographs are taken by me.","Valencia, EspaÃ±a",La Casa Verde en campos de arroz https://t.co/5zQdAH8nPd,es,,['https://pbs.twimg.com/media/FJhvcxjXsAYMj7e.jpg'],Twitter Web App,,,
2022-01-18 16:18:21+00:00,Manuel HernÃ¡ndez Lafuente âš“ğŸŒ±ğŸ“·,ManuelHdezLaf,"CapitÃ¡n de la Marina Mercante, jubilado. FotografÃ­a. Solo fotos tomadas por mi. Captain of the Merchant Navy, retired. All photographs are taken by me.","Valencia, EspaÃ±a","Resting birds
https://t.co/VQJNdzYUrR https://t.co/taZGKajfff",en,,['https://pbs.twimg.com/media/FJZblEAXsAEqSPB.jpg'],Twitter Web App,,,
2022-01-15 06:48:30+00:00,Manuel HernÃ¡ndez Lafuente âš“ğŸŒ±ğŸ“·,ManuelHdezLaf,"CapitÃ¡n de la Marina Mercante, jubilado. FotografÃ­a. Solo fotos tomadas por mi. Captain of the Merchant Navy, retired. All photographs are taken by me.","Valencia, EspaÃ±a","CÃºpula del Mercado Central de Valencia
https://t.co/QDqDLEAZai https://t.co/ENm3XkILTd",pt,,['https://pbs.twimg.com/media/FJH8YqIXEAUUKbg.jpg'],Twitter Web App,,,
2022-01-14 11:05:37+00:00,Manuel HernÃ¡ndez Lafuente âš“ğŸŒ±ğŸ“·,ManuelHdezLaf,"CapitÃ¡n de la Marina Mercante, jubilado. FotografÃ­a. Solo fotos tomadas por mi. Captain of the Merchant Navy, retired. All photographs are taken by me.","Valencia, EspaÃ±a","#Chelva desde el rÃ­o TuÃ©jar
https://t.co/AwJdaK2Yek https://t.co/hHFleCNbKG",es,['Chelva'],['https://pbs.twimg.com/media/FJDtnQRWYAAajLX.jpg'],Twitter Web App,,,
2022-01-09 17:17:27+00:00,Manuel HernÃ¡ndez Lafuente âš“ğŸŒ±ğŸ“·,ManuelHdezLaf,"CapitÃ¡n de la Marina Mercante, jubilado. FotografÃ­a. Solo fotos tomadas por mi. Captain of the Merchant Navy, retired. All photographs are taken by me.","Valencia, EspaÃ±a","El reflejo de un calmado atardecer
#Valencia #LaAlbufera Motor de CÃ¡biles
https://t.co/tzmxZRHzbs https://t.co/xx6Svhw7cq",es,"['Valencia', 'LaAlbufera']",['https://pbs.twimg.com/media/FIrSxE5XwAUCS5r.jpg'],Twitter Web App,,,
2022-01-09 11:14:58+00:00,Manuel HernÃ¡ndez Lafuente âš“ğŸŒ±ğŸ“·,ManuelHdezLaf,"CapitÃ¡n de la Marina Mercante, jubilado. FotografÃ­a. Solo fotos tomadas por mi. Captain of the Merchant Navy, retired. All photographs are taken by me.","Valencia, EspaÃ±a","Gratificante atardecer
#Sueca Casa de BaldovÃ­
https://t.co/eTQ7Jstbs2 https://t.co/tCK80Nvxuu",es,['Sueca'],['https://pbs.twimg.com/media/FIp_08IWQAMMcHN.jpg'],Twitter Web App,,,
2022-01-08 17:18:26+00:00,Manuel HernÃ¡ndez Lafuente âš“ğŸŒ±ğŸ“·,ManuelHdezLaf,"CapitÃ¡n de la Marina Mercante, jubilado. FotografÃ­a. Solo fotos tomadas por mi. Captain of the Merchant Navy, retired. All photographs are taken by me.","Valencia, EspaÃ±a","MORVEDRE #MMSI225986926 #PilotsBoat ğŸ‡ªğŸ‡¸ ğŸ“· Sagunto Port on 30/12/2021âš“
https://t.co/gDVrvIYMUz https://t.co/L9qH9zsMP9",en,"['MMSI225986926', 'PilotsBoat']",['https://pbs.twimg.com/media/FImJbriXMAM_JSa.jpg'],Twitter Web App,,,
2022-01-08 11:43:24+00:00,Manuel HernÃ¡ndez Lafuente âš“ğŸŒ±ğŸ“·,ManuelHdezLaf,"CapitÃ¡n de la Marina Mercante, jubilado. FotografÃ­a. Solo fotos tomadas por mi. Captain of the Merchant Navy, retired. All photographs are taken by me.","Valencia, EspaÃ±a","Dibujando el reflejo del atardecer
https://t.co/mmcYSUWSZx https://t.co/BtrNfciod9",es,,['https://pbs.twimg.com/media/FIk8wk0XIAUkS1J.jpg'],Twitter Web App,,,
2022-01-07 16:45:38+00:00,Manuel HernÃ¡ndez Lafuente âš“ğŸŒ±ğŸ“·,ManuelHdezLaf,"CapitÃ¡n de la Marina Mercante, jubilado. FotografÃ­a. Solo fotos tomadas por mi. Captain of the Merchant Navy, retired. All photographs are taken by me.","Valencia, EspaÃ±a","#Chelva Calle de Las Moreras 13
https://t.co/UYl1PdJdqY https://t.co/vEzuGvwrr7",es,['Chelva'],['https://pbs.twimg.com/media/FIg4Vv0WQAIYynr.jpg'],Twitter Web App,,,
2022-01-06 17:55:38+00:00,Manuel HernÃ¡ndez Lafuente âš“ğŸŒ±ğŸ“·,ManuelHdezLaf,"CapitÃ¡n de la Marina Mercante, jubilado. FotografÃ­a. Solo fotos tomadas por mi. Captain of the Merchant Navy, retired. All photographs are taken by me.","Valencia, EspaÃ±a","#Valencia PlaÃ§a de Sant Nicolau
https://t.co/UGD0Uubs5u https://t.co/p5HOSJpi0C",ca,['Valencia'],['https://pbs.twimg.com/media/FIb-vypXIAUG-qd.jpg'],Twitter Web App,,,
2022-01-06 12:33:52+00:00,Manuel HernÃ¡ndez Lafuente âš“ğŸŒ±ğŸ“·,ManuelHdezLaf,"CapitÃ¡n de la Marina Mercante, jubilado. FotografÃ­a. Solo fotos tomadas por mi. Captain of the Merchant Navy, retired. All photographs are taken by me.","Valencia, EspaÃ±a","Badajoz, Plaza Alta
https://t.co/KW0nwsA51R https://t.co/KM2jOlkr3Z",es,,['https://pbs.twimg.com/media/FIa1HLGWUAIaSp4.jpg'],Twitter Web App,,,
2022-01-03 17:14:46+00:00,Manuel HernÃ¡ndez Lafuente âš“ğŸŒ±ğŸ“·,ManuelHdezLaf,"CapitÃ¡n de la Marina Mercante, jubilado. FotografÃ­a. Solo fotos tomadas por mi. Captain of the Merchant Navy, retired. All photographs are taken by me.","Valencia, EspaÃ±a","#BubiÃ³n Fuente Placetilla #LasAlpujarras
https://t.co/VD7JArcmuE https://t.co/entxVO6vwg",es,"['BubiÃ³n', 'LasAlpujarras']",['https://pbs.twimg.com/media/FIMYfgbWUAgzVha.jpg'],Twitter Web App,,,
2022-01-02 06:51:57+00:00,Manuel HernÃ¡ndez Lafuente âš“ğŸŒ±ğŸ“·,ManuelHdezLaf,"CapitÃ¡n de la Marina Mercante, jubilado. FotografÃ­a. Solo fotos tomadas por mi. Captain of the Merchant Navy, retired. All photographs are taken by me.","Valencia, EspaÃ±a","Amanece en la playa de La Malvarrosa, Valencia ğŸ“· 28/12/2021 ğŸŒ…
https://t.co/GcSzlJmpD0 https://t.co/liDwwlle9a",es,,['https://pbs.twimg.com/media/FIFAgwmX0AUc3ZD.jpg'],Twitter Web App,,,
2022-01-01 06:11:32+00:00,Manuel HernÃ¡ndez Lafuente âš“ğŸŒ±ğŸ“·,ManuelHdezLaf,"CapitÃ¡n de la Marina Mercante, jubilado. FotografÃ­a. Solo fotos tomadas por mi. Captain of the Merchant Navy, retired. All photographs are taken by me.","Valencia, EspaÃ±a","#RosaEnero2022
#FelizEnero
#HappyJanuary https://t.co/qWq25xXiHL",und,"['RosaEnero2022', 'FelizEnero', 'HappyJanuary']",['https://pbs.twimg.com/media/FH_totAXsAA48yu.jpg'],Twitter Web App,,,
2021-12-31 13:00:58+00:00,Manuel HernÃ¡ndez Lafuente âš“ğŸŒ±ğŸ“·,ManuelHdezLaf,"CapitÃ¡n de la Marina Mercante, jubilado. FotografÃ­a. Solo fotos tomadas por mi. Captain of the Merchant Navy, retired. All photographs are taken by me.","Valencia, EspaÃ±a","Con mis mejores deseos Â¡Feliz AÃ±o Nuevo 2022!
With best wishes Happy New Year 2022! https://t.co/mY37fF83gJ",es,,['https://pbs.twimg.com/media/FH8BYleWQAIKyT5.jpg'],Twitter Web App,,,
2021-12-28 16:32:30+00:00,Manuel HernÃ¡ndez Lafuente âš“ğŸŒ±ğŸ“·,ManuelHdezLaf,"CapitÃ¡n de la Marina Mercante, jubilado. FotografÃ­a. Solo fotos tomadas por mi. Captain of the Merchant Navy, retired. All photographs are taken by me.","Valencia, EspaÃ±a","Fotografiando el amanecerğŸ“·Playa de La Malvarrosa 28/12/2021 ğŸŒ…
https://t.co/yMiXAmFBHG https://t.co/p4fvQoHkII",es,,['https://pbs.twimg.com/media/FHtVcn1XIAs45ma.jpg'],Twitter Web App,,,
2021-12-27 11:35:45+00:00,Manuel HernÃ¡ndez Lafuente âš“ğŸŒ±ğŸ“·,ManuelHdezLaf,"CapitÃ¡n de la Marina Mercante, jubilado. FotografÃ­a. Solo fotos tomadas por mi. Captain of the Merchant Navy, retired. All photographs are taken by me.","Valencia, EspaÃ±a","Torre de la Catedral de Toledo vista desde la Calle Ciudad.
https://t.co/991NCaF4Du https://t.co/v7N7G9NG1a",es,,['https://pbs.twimg.com/media/FHnH6WpXIAMLEpu.jpg'],Twitter Web App,,,
2021-12-27 06:54:43+00:00,Manuel HernÃ¡ndez Lafuente âš“ğŸŒ±ğŸ“·,ManuelHdezLaf,"CapitÃ¡n de la Marina Mercante, jubilado. FotografÃ­a. Solo fotos tomadas por mi. Captain of the Merchant Navy, retired. All photographs are taken by me.","Valencia, EspaÃ±a","#Poaceae
#Arundo donax L. / CaÃ±a comÃºn. Giant reed. Canne de Provence. https://t.co/FpNG8zfje4",ca,"['Poaceae', 'Arundo']",['https://pbs.twimg.com/media/FHmHl33XMAIzP0y.jpg'],Twitter Web App,,,
2021-12-26 16:49:54+00:00,Manuel HernÃ¡ndez Lafuente âš“ğŸŒ±ğŸ“·,ManuelHdezLaf,"CapitÃ¡n de la Marina Mercante, jubilado. FotografÃ­a. Solo fotos tomadas por mi. Captain of the Merchant Navy, retired. All photographs are taken by me.","Valencia, EspaÃ±a","Calle Petrosa #Calles #Valencia 
https://t.co/A9Se6haAav https://t.co/B5DgI3imrR",it,"['Calles', 'Valencia']",['https://pbs.twimg.com/media/FHjF-zUXsAQCybQ.jpg'],Twitter Web App,,,
2021-12-25 16:24:55+00:00,Manuel HernÃ¡ndez Lafuente âš“ğŸŒ±ğŸ“·,ManuelHdezLaf,"CapitÃ¡n de la Marina Mercante, jubilado. FotografÃ­a. Solo fotos tomadas por mi. Captain of the Merchant Navy, retired. All photographs are taken by me.","Valencia, EspaÃ±a","Glimpses of the Sun
https://t.co/v7UtoqkSki https://t.co/qqq3mK5Jbw",en,,['https://pbs.twimg.com/media/FHd2xK-WQAM2QyM.jpg'],Twitter Web App,,,
2021-12-24 17:24:26+00:00,Manuel HernÃ¡ndez Lafuente âš“ğŸŒ±ğŸ“·,ManuelHdezLaf,"CapitÃ¡n de la Marina Mercante, jubilado. FotografÃ­a. Solo fotos tomadas por mi. Captain of the Merchant Navy, retired. All photographs are taken by me.","Valencia, EspaÃ±a","Placeta de La Cruz Verde #Granada 
https://t.co/W5D1KqxrWy
Â¡Feliz Navidad!
Merry Christmas! https://t.co/Kbx6SdUxRi",es,['Granada'],['https://pbs.twimg.com/media/FHY698CXEBMyuPo.jpg'],Twitter Web App,,,
2021-12-19 17:35:57+00:00,Manuel HernÃ¡ndez Lafuente âš“ğŸŒ±ğŸ“·,ManuelHdezLaf,"CapitÃ¡n de la Marina Mercante, jubilado. FotografÃ­a. Solo fotos tomadas por mi. Captain of the Merchant Navy, retired. All photographs are taken by me.","Valencia, EspaÃ±a","#Pontederiaceae
#Pontederia cordata L. / Camalote grande. Pickerel-weed. PontÃ©dÃ©rie Ã  feuilles en cÅ“ur. https://t.co/DRQAdwcZdg",fr,"['Pontederiaceae', 'Pontederia']",['https://pbs.twimg.com/media/FG_NozBX0AIclSP.jpg'],Twitter Web App,,,
2021-12-18 16:08:20+00:00,Manuel HernÃ¡ndez Lafuente âš“ğŸŒ±ğŸ“·,ManuelHdezLaf,"CapitÃ¡n de la Marina Mercante, jubilado. FotografÃ­a. Solo fotos tomadas por mi. Captain of the Merchant Navy, retired. All photographs are taken by me.","Valencia, EspaÃ±a","Mar agitada en Punta Nocedal
https://t.co/gPbLfuMVIT https://t.co/XXZ3kR6fHn",es,,['https://pbs.twimg.com/media/FG5wA9FWYAsPlw6.jpg'],Twitter Web App,,,
2021-12-16 17:16:53+00:00,Manuel HernÃ¡ndez Lafuente âš“ğŸŒ±ğŸ“·,ManuelHdezLaf,"CapitÃ¡n de la Marina Mercante, jubilado. FotografÃ­a. Solo fotos tomadas por mi. Captain of the Merchant Navy, retired. All photographs are taken by me.","Valencia, EspaÃ±a","#Rutaceae
#Coleonema pulchrum Hook. / Rosa del cielo. Pink confetti bush. Buisson confetti. https://t.co/T00LNWyrl8",it,"['Rutaceae', 'Coleonema']",['https://pbs.twimg.com/media/FGvshXHXEAQFjRk.jpg'],Twitter Web App,,,
2021-12-12 16:15:39+00:00,Manuel HernÃ¡ndez Lafuente âš“ğŸŒ±ğŸ“·,ManuelHdezLaf,"CapitÃ¡n de la Marina Mercante, jubilado. FotografÃ­a. Solo fotos tomadas por mi. Captain of the Merchant Navy, retired. All photographs are taken by me.","Valencia, EspaÃ±a",Day Dreaming https://t.co/HGb6HApCsr,en,,['https://pbs.twimg.com/media/FGa4It_XMAATSc6.jpg'],Twitter Web App,,,
2021-12-10 08:08:34+00:00,Manuel HernÃ¡ndez Lafuente âš“ğŸŒ±ğŸ“·,ManuelHdezLaf,"CapitÃ¡n de la Marina Mercante, jubilado. FotografÃ­a. Solo fotos tomadas por mi. Captain of the Merchant Navy, retired. All photographs are taken by me.","Valencia, EspaÃ±a","#Paulowniaceae
#Paulownia tomentosa Steud. / Paulownia, Princesstree. https://t.co/So08Xb8FJT",tl,"['Paulowniaceae', 'Paulownia']",['https://pbs.twimg.com/media/FGO1fHqWUAEzbXG.jpg'],Twitter Web App,,,
2021-12-07 17:08:36+00:00,Manuel HernÃ¡ndez Lafuente âš“ğŸŒ±ğŸ“·,ManuelHdezLaf,"CapitÃ¡n de la Marina Mercante, jubilado. FotografÃ­a. Solo fotos tomadas por mi. Captain of the Merchant Navy, retired. All photographs are taken by me.","Valencia, EspaÃ±a","#Oxalidaceae
#Oxalis articulata Savigny / TrÃ©bol, Vinagrillo rosado. https://t.co/jFvMQJyFX4",und,"['Oxalidaceae', 'Oxalis']",['https://pbs.twimg.com/media/FGBUUXXXIAYU9Ty.jpg'],Twitter Web App,,,
2021-12-06 18:11:35+00:00,Manuel HernÃ¡ndez Lafuente âš“ğŸŒ±ğŸ“·,ManuelHdezLaf,"CapitÃ¡n de la Marina Mercante, jubilado. FotografÃ­a. Solo fotos tomadas por mi. Captain of the Merchant Navy, retired. All photographs are taken by me.","Valencia, EspaÃ±a",Dragon land https://t.co/8FVbJ1JrqS,en,,['https://pbs.twimg.com/media/FF8ZG54XwAMuVCq.jpg'],Twitter Web App,,,
2021-12-06 09:13:10+00:00,Manuel HernÃ¡ndez Lafuente âš“ğŸŒ±ğŸ“·,ManuelHdezLaf,"CapitÃ¡n de la Marina Mercante, jubilado. FotografÃ­a. Solo fotos tomadas por mi. Captain of the Merchant Navy, retired. All photographs are taken by me.","Valencia, EspaÃ±a",Nymphaea 'Attraction' https://t.co/YFVFOIUzWN,en,,['https://pbs.twimg.com/media/FF6d6nQWYAQLUgn.jpg'],Twitter Web App,,,
2021-12-05 17:20:37+00:00,Manuel HernÃ¡ndez Lafuente âš“ğŸŒ±ğŸ“·,ManuelHdezLaf,"CapitÃ¡n de la Marina Mercante, jubilado. FotografÃ­a. Solo fotos tomadas por mi. Captain of the Merchant Navy, retired. All photographs are taken by me.","Valencia, EspaÃ±a",Reflejos del atardecer https://t.co/FwMxAT1PDj,es,,['https://pbs.twimg.com/media/FF3D48IX0AAONJx.jpg'],Twitter Web App,,,
2021-12-04 17:56:12+00:00,Manuel HernÃ¡ndez Lafuente âš“ğŸŒ±ğŸ“·,ManuelHdezLaf,"CapitÃ¡n de la Marina Mercante, jubilado. FotografÃ­a. Solo fotos tomadas por mi. Captain of the Merchant Navy, retired. All photographs are taken by me.","Valencia, EspaÃ±a","#Onagraceae
#Oenothera lindheimeri (Engelm. &amp; A.Gray) W.L.Wagner &amp; Hoch / Estrellita. Butterfly Gaura. Gaura. https://t.co/gPBKxu0uOP",ca,"['Onagraceae', 'Oenothera']",['https://pbs.twimg.com/media/FFyCcV9XwAcJU49.jpg'],Twitter Web App,,,
2021-12-04 12:02:53+00:00,Manuel HernÃ¡ndez Lafuente âš“ğŸŒ±ğŸ“·,ManuelHdezLaf,"CapitÃ¡n de la Marina Mercante, jubilado. FotografÃ­a. Solo fotos tomadas por mi. Captain of the Merchant Navy, retired. All photographs are taken by me.","Valencia, EspaÃ±a","Por el Paseo Fernando QuiÃ±ones, de camino al Castillo San SebastiÃ¡n #CÃ¡diz
https://t.co/pE4GjzRnkd https://t.co/YYzKtHCaU2",es,['CÃ¡diz'],['https://pbs.twimg.com/media/FFwxlJzXEAEjBon.jpg'],Twitter Web App,,,
2021-12-02 17:32:23+00:00,Manuel HernÃ¡ndez Lafuente âš“ğŸŒ±ğŸ“·,ManuelHdezLaf,"CapitÃ¡n de la Marina Mercante, jubilado. FotografÃ­a. Solo fotos tomadas por mi. Captain of the Merchant Navy, retired. All photographs are taken by me.","Valencia, EspaÃ±a","#Pinaceae
#Pinus  sylvestris L. / Pino silvestre.
Subida al Penyagolosa https://t.co/suRw3s2LLQ https://t.co/qedodHIyTV",ca,"['Pinaceae', 'Pinus']",['https://pbs.twimg.com/media/FFnp0L7XIAAz2Wn.jpg'],Twitter Web App,,,
2021-12-01 04:54:41+00:00,Manuel HernÃ¡ndez Lafuente âš“ğŸŒ±ğŸ“·,ManuelHdezLaf,"CapitÃ¡n de la Marina Mercante, jubilado. FotografÃ­a. Solo fotos tomadas por mi. Captain of the Merchant Navy, retired. All photographs are taken by me.","Valencia, EspaÃ±a",#HappyDecember #FelizDiciembre Salud y bienestar para este mes final de aÃ±o https://t.co/jaKsVyRP6k,es,"['HappyDecember', 'FelizDiciembre']",['https://pbs.twimg.com/media/FFfyyCXXwAQx38m.jpg'],Twitter Web App,,,
2021-11-27 17:32:58+00:00,Manuel HernÃ¡ndez Lafuente âš“ğŸŒ±ğŸ“·,ManuelHdezLaf,"CapitÃ¡n de la Marina Mercante, jubilado. FotografÃ­a. Solo fotos tomadas por mi. Captain of the Merchant Navy, retired. All photographs are taken by me.","Valencia, EspaÃ±a",MelancÃ³lico atardecer ğŸ“· 04/11/2014 ğŸŒ… https://t.co/Lg0QkdiJnf,pt,,['https://pbs.twimg.com/media/FFN5xZ2XIAcUOGB.jpg'],Twitter Web App,,,
2021-11-26 16:39:37+00:00,Manuel HernÃ¡ndez Lafuente âš“ğŸŒ±ğŸ“·,ManuelHdezLaf,"CapitÃ¡n de la Marina Mercante, jubilado. FotografÃ­a. Solo fotos tomadas por mi. Captain of the Merchant Navy, retired. All photographs are taken by me.","Valencia, EspaÃ±a","#Nymphaeaceae
#Nymphaea alba L. / NenÃºfar blanco https://t.co/eOur8b6WsP",ca,"['Nymphaeaceae', 'Nymphaea']",['https://pbs.twimg.com/media/FFIkM2vXwAAGEeX.jpg'],Twitter Web App,,,
2021-11-26 16:29:37+00:00,Manuel HernÃ¡ndez Lafuente âš“ğŸŒ±ğŸ“·,ManuelHdezLaf,"CapitÃ¡n de la Marina Mercante, jubilado. FotografÃ­a. Solo fotos tomadas por mi. Captain of the Merchant Navy, retired. All photographs are taken by me.","Valencia, EspaÃ±a","De paseo por AlbarracÃ­n
https://t.co/5V6KzEEt5j https://t.co/rzPTOFfZ3e",es,,['https://pbs.twimg.com/media/FFIh6FyXoAUsJvp.jpg'],Twitter Web App,,,
2021-11-21 07:05:03+00:00,Manuel HernÃ¡ndez Lafuente âš“ğŸŒ±ğŸ“·,ManuelHdezLaf,"CapitÃ¡n de la Marina Mercante, jubilado. FotografÃ­a. Solo fotos tomadas por mi. Captain of the Merchant Navy, retired. All photographs are taken by me.","Valencia, EspaÃ±a","Dorado atardecer en L'Albufera
https://t.co/DnGfvjhL7d https://t.co/bMqjNLIUAO",es,,['https://pbs.twimg.com/media/FEswn5nX0AMZ837.jpg'],Twitter Web App,,,
2021-11-21 05:39:44+00:00,Manuel HernÃ¡ndez Lafuente âš“ğŸŒ±ğŸ“·,ManuelHdezLaf,"CapitÃ¡n de la Marina Mercante, jubilado. FotografÃ­a. Solo fotos tomadas por mi. Captain of the Merchant Navy, retired. All photographs are taken by me.","Valencia, EspaÃ±a","#Orchidaceae
#Phalaenopsis spp. null https://t.co/sWG9uEnbpk",in,"['Orchidaceae', 'Phalaenopsis']",['https://pbs.twimg.com/media/FEsdNCpXoAcjrwE.jpg'],Twitter Web App,,,
2021-11-20 16:47:27+00:00,Manuel HernÃ¡ndez Lafuente âš“ğŸŒ±ğŸ“·,ManuelHdezLaf,"CapitÃ¡n de la Marina Mercante, jubilado. FotografÃ­a. Solo fotos tomadas por mi. Captain of the Merchant Navy, retired. All photographs are taken by me.","Valencia, EspaÃ±a","#Orchidaceae
#Vanda coerulea Griff. ex Lindl. https://t.co/6f5iplWbrz",ro,"['Orchidaceae', 'Vanda']",['https://pbs.twimg.com/media/FEpsbEcWYAskvO7.jpg'],Twitter Web App,,,
2021-11-18 12:16:56+00:00,Manuel HernÃ¡ndez Lafuente âš“ğŸŒ±ğŸ“·,ManuelHdezLaf,"CapitÃ¡n de la Marina Mercante, jubilado. FotografÃ­a. Solo fotos tomadas por mi. Captain of the Merchant Navy, retired. All photographs are taken by me.","Valencia, EspaÃ±a","Rayos crepusculares ğŸ“· 18/11/2021 ğŸŒ…
https://t.co/81vkI4rbZc https://t.co/72YkvdQdmJ",es,,['https://pbs.twimg.com/media/FEebXIQWYAAybHj.jpg'],Twitter Web App,,,
2021-11-13 08:08:33+00:00,Manuel HernÃ¡ndez Lafuente âš“ğŸŒ±ğŸ“·,ManuelHdezLaf,"CapitÃ¡n de la Marina Mercante, jubilado. FotografÃ­a. Solo fotos tomadas por mi. Captain of the Merchant Navy, retired. All photographs are taken by me.","Valencia, EspaÃ±a","PanorÃ¡mica de Zahara de la Sierra #Cadiz 
Vista desde el Castillo ğŸ“· 20/10/2014 ğŸ˜ï¸
https://t.co/FyPhS2xeqc https://t.co/AyYX7cTCI4",es,['Cadiz'],['https://pbs.twimg.com/media/FEDyjqHX0AMdyHr.jpg'],Twitter Web App,,,
2021-11-13 06:00:12+00:00,Manuel HernÃ¡ndez Lafuente âš“ğŸŒ±ğŸ“·,ManuelHdezLaf,"CapitÃ¡n de la Marina Mercante, jubilado. FotografÃ­a. Solo fotos tomadas por mi. Captain of the Merchant Navy, retired. All photographs are taken by me.","Valencia, EspaÃ±a","#Orchidaceae
#Cattleya spp. null https://t.co/DexpJKQqrF",in,"['Orchidaceae', 'Cattleya']",['https://pbs.twimg.com/media/FEDVKtRX0AA2gQn.jpg'],Twitter Web App,,,
2021-11-08 17:32:40+00:00,Manuel HernÃ¡ndez Lafuente âš“ğŸŒ±ğŸ“·,ManuelHdezLaf,"CapitÃ¡n de la Marina Mercante, jubilado. FotografÃ­a. Solo fotos tomadas por mi. Captain of the Merchant Navy, retired. All photographs are taken by me.","Valencia, EspaÃ±a","#Nymphaeaceae
#Nymphaea nouchali Burm.f. / Blue water-lily https://t.co/krUIfjFY8J",en,"['Nymphaeaceae', 'Nymphaea']",['https://pbs.twimg.com/media/FDsDujgXsAEJP5F.jpg'],Twitter Web App,,,
2021-11-07 17:14:07+00:00,Manuel HernÃ¡ndez Lafuente âš“ğŸŒ±ğŸ“·,ManuelHdezLaf,"CapitÃ¡n de la Marina Mercante, jubilado. FotografÃ­a. Solo fotos tomadas por mi. Captain of the Merchant Navy, retired. All photographs are taken by me.","Valencia, EspaÃ±a","Nets in smooth waters
https://t.co/yzxCSQ9gqn https://t.co/3piwTfE5Gm",en,,['https://pbs.twimg.com/media/FDm1yKjWUAEimFl.jpg'],Twitter Web App,,,
2021-11-07 16:47:27+00:00,Manuel HernÃ¡ndez Lafuente âš“ğŸŒ±ğŸ“·,ManuelHdezLaf,"CapitÃ¡n de la Marina Mercante, jubilado. FotografÃ­a. Solo fotos tomadas por mi. Captain of the Merchant Navy, retired. All photographs are taken by me.","Valencia, EspaÃ±a","#Nepenthaceae
#Nepenthes Ã— neglecta Macfarl. / Pitcher plant https://t.co/D19XFPBIO7",en,"['Nepenthaceae', 'Nepenthes']",['https://pbs.twimg.com/media/FDmvxY3X0AQj--E.jpg'],Twitter Web App,,,
2021-11-05 16:58:49+00:00,Manuel HernÃ¡ndez Lafuente âš“ğŸŒ±ğŸ“·,ManuelHdezLaf,"CapitÃ¡n de la Marina Mercante, jubilado. FotografÃ­a. Solo fotos tomadas por mi. Captain of the Merchant Navy, retired. All photographs are taken by me.","Valencia, EspaÃ±a","El Viejo Faro de Valencia ğŸ“· 05/11/2021 âš“ï¸
https://t.co/YjsSwuTK6p https://t.co/UkW9onhLCB",es,,['https://pbs.twimg.com/media/FDce_vMWEAEy8Ui.jpg'],Twitter Web App,,,
2021-11-04 10:14:59+00:00,Manuel HernÃ¡ndez Lafuente âš“ğŸŒ±ğŸ“·,ManuelHdezLaf,"CapitÃ¡n de la Marina Mercante, jubilado. FotografÃ­a. Solo fotos tomadas por mi. Captain of the Merchant Navy, retired. All photographs are taken by me.","Valencia, EspaÃ±a","MEIN SCHIFF 2 #IMO9783576 &amp; COSTA DIADEMA #IMO9636888 ğŸ“· Valencia Port on 21/10/2021âš“
https://t.co/jXuxNGoQjB https://t.co/sS6UfkzcN7",fr,"['IMO9783576', 'IMO9636888']",['https://pbs.twimg.com/media/FDV5MFwWQAIycp7.jpg'],Twitter Web App,,,
2021-11-03 19:23:59+00:00,Manuel HernÃ¡ndez Lafuente âš“ğŸŒ±ğŸ“·,ManuelHdezLaf,"CapitÃ¡n de la Marina Mercante, jubilado. FotografÃ­a. Solo fotos tomadas por mi. Captain of the Merchant Navy, retired. All photographs are taken by me.","Valencia, EspaÃ±a",OtoÃ±al RÃ­o Bohilgues #Ademuz #Valencia ğŸ“· 07/11/2013 ğŸ‚ https://t.co/c3jsJo79Db,es,"['Ademuz', 'Valencia']",['https://pbs.twimg.com/media/FDStQJlXoAAEQ-t.jpg'],Twitter Web App,,,
2021-11-02 18:19:21+00:00,Manuel HernÃ¡ndez Lafuente âš“ğŸŒ±ğŸ“·,ManuelHdezLaf,"CapitÃ¡n de la Marina Mercante, jubilado. FotografÃ­a. Solo fotos tomadas por mi. Captain of the Merchant Navy, retired. All photographs are taken by me.","Valencia, EspaÃ±a","Contraluz en la entrada del Puerto de Valencia ğŸ“· 24/10/2021 ğŸŒ…â˜€ï¸
https://t.co/otNKuoRznX https://t.co/zOI8zsj3Te",es,,['https://pbs.twimg.com/media/FDNUxZ1XMAMt3PN.jpg'],Twitter Web App,,,
2021-11-01 17:02:13+00:00,Manuel HernÃ¡ndez Lafuente âš“ğŸŒ±ğŸ“·,ManuelHdezLaf,"CapitÃ¡n de la Marina Mercante, jubilado. FotografÃ­a. Solo fotos tomadas por mi. Captain of the Merchant Navy, retired. All photographs are taken by me.","Valencia, EspaÃ±a","#Nymphaeaceae
#Nymphaea alba L. / NenÃºfares blancos https://t.co/WZglG6FDEt",ca,"['Nymphaeaceae', 'Nymphaea']",['https://pbs.twimg.com/media/FDH5j4EXEAECKCp.jpg'],Twitter Web App,,,
2021-11-01 13:33:37+00:00,Manuel HernÃ¡ndez Lafuente âš“ğŸŒ±ğŸ“·,ManuelHdezLaf,"CapitÃ¡n de la Marina Mercante, jubilado. FotografÃ­a. Solo fotos tomadas por mi. Captain of the Merchant Navy, retired. All photographs are taken by me.","Valencia, EspaÃ±a",@JossettHermanni Muchas gracias Jossette. Feliz Noviembre. Si que he puesto una flor en el twitt anterior https://t.co/I0nOEIcu5g,es,,['https://pbs.twimg.com/media/FDHJ0qpX0AUJnLD.jpg'],Twitter Web App,,,
2021-11-01 05:37:30+00:00,Manuel HernÃ¡ndez Lafuente âš“ğŸŒ±ğŸ“·,ManuelHdezLaf,"CapitÃ¡n de la Marina Mercante, jubilado. FotografÃ­a. Solo fotos tomadas por mi. Captain of the Merchant Navy, retired. All photographs are taken by me.","Valencia, EspaÃ±a","#FelizNoviembre
#HappyNovember https://t.co/OxEOcKzY7z",und,"['FelizNoviembre', 'HappyNovember']",['https://pbs.twimg.com/media/FDFc4rXXoAIcWNp.jpg'],Twitter Web App,,,
2021-10-31 16:53:51+00:00,Manuel HernÃ¡ndez Lafuente âš“ğŸŒ±ğŸ“·,ManuelHdezLaf,"CapitÃ¡n de la Marina Mercante, jubilado. FotografÃ­a. Solo fotos tomadas por mi. Captain of the Merchant Navy, retired. All photographs are taken by me.","Valencia, EspaÃ±a","#Nelumbonaceae
#Nelumbo nucifera Gaertn. / Loto sagrado. East indian lotus. Lotus indien. https://t.co/P8V0IVpmZt",es,"['Nelumbonaceae', 'Nelumbo']",['https://pbs.twimg.com/media/FDCuH57WUAIWSqU.jpg'],Twitter Web App,,,
2021-10-30 18:58:40+00:00,Manuel HernÃ¡ndez Lafuente âš“ğŸŒ±ğŸ“·,ManuelHdezLaf,"CapitÃ¡n de la Marina Mercante, jubilado. FotografÃ­a. Solo fotos tomadas por mi. Captain of the Merchant Navy, retired. All photographs are taken by me.","Valencia, EspaÃ±a","She's the protagonist
Playa de la Malvarrosa #Valencia ğŸ“· 23/10/2021 ğŸ–ï¸â›µï¸
https://t.co/nZ3TOoC5R6 https://t.co/ehOZK2jX3k",ca,['Valencia'],['https://pbs.twimg.com/media/FC-BGcMWEAQSKrA.jpg'],Twitter Web App,,,
2021-10-28 10:42:21+00:00,Manuel HernÃ¡ndez Lafuente âš“ğŸŒ±ğŸ“·,ManuelHdezLaf,"CapitÃ¡n de la Marina Mercante, jubilado. FotografÃ­a. Solo fotos tomadas por mi. Captain of the Merchant Navy, retired. All photographs are taken by me.","Valencia, EspaÃ±a","Motor del Final
L'Albufera de #Valencia 
https://t.co/vADQrYZ7Ph https://t.co/4NX9n7QkCS",ca,['Valencia'],['https://pbs.twimg.com/media/FCx8SknXIAQiLM6.jpg'],Twitter Web App,,,
2021-10-27 10:32:06+00:00,Manuel HernÃ¡ndez Lafuente âš“ğŸŒ±ğŸ“·,ManuelHdezLaf,"CapitÃ¡n de la Marina Mercante, jubilado. FotografÃ­a. Solo fotos tomadas por mi. Captain of the Merchant Navy, retired. All photographs are taken by me.","Valencia, EspaÃ±a","3 barcas varadas en la playa de la Malvarrosa #Valencia 
ğŸ“· 23/10/2021 âš“ï¸ğŸŒ…
https://t.co/i3D64h9qVo https://t.co/dI44ifdrHj",es,['Valencia'],['https://pbs.twimg.com/media/FCswUjtWEAIv4ZB.jpg'],Twitter Web App,,,
2021-10-26 05:26:23+00:00,Manuel HernÃ¡ndez Lafuente âš“ğŸŒ±ğŸ“·,ManuelHdezLaf,"CapitÃ¡n de la Marina Mercante, jubilado. FotografÃ­a. Solo fotos tomadas por mi. Captain of the Merchant Navy, retired. All photographs are taken by me.","Valencia, EspaÃ±a","El Viejo Faro de Valencia despide al crucero Mein Schiff 4 ğŸ“· 25/10/2021 âš“ï¸ğŸ‡
https://t.co/ooi9KbkSeD https://t.co/y1ioiO4JHo",es,,['https://pbs.twimg.com/media/FCmg0tfXsAQtlXd.jpg'],Twitter Web App,,,
2021-10-23 11:05:09+00:00,Manuel HernÃ¡ndez Lafuente âš“ğŸŒ±ğŸ“·,ManuelHdezLaf,"CapitÃ¡n de la Marina Mercante, jubilado. FotografÃ­a. Solo fotos tomadas por mi. Captain of the Merchant Navy, retired. All photographs are taken by me.","Valencia, EspaÃ±a","Viejo Faro de Valencia ğŸ“· 23/10/2021 ğŸ‡
https://t.co/TReSW99VPb https://t.co/gQV0P1kDHw",es,,['https://pbs.twimg.com/media/FCYRdSpX0AIGzg_.jpg'],Twitter Web App,,,
2021-10-23 09:58:47+00:00,Manuel HernÃ¡ndez Lafuente âš“ğŸŒ±ğŸ“·,ManuelHdezLaf,"CapitÃ¡n de la Marina Mercante, jubilado. FotografÃ­a. Solo fotos tomadas por mi. Captain of the Merchant Navy, retired. All photographs are taken by me.","Valencia, EspaÃ±a","Amanecer con barca.
Playa de la Malvarrosa #Valencia ğŸ“· 23/10/2021 ğŸŒ…
https://t.co/r8Rva8afBA https://t.co/jWPdZeIPCj",es,['Valencia'],['https://pbs.twimg.com/media/FCYCZnJXIAUNMJ8.jpg'],Twitter Web App,,,
2021-10-18 10:58:06+00:00,Manuel HernÃ¡ndez Lafuente âš“ğŸŒ±ğŸ“·,ManuelHdezLaf,"CapitÃ¡n de la Marina Mercante, jubilado. FotografÃ­a. Solo fotos tomadas por mi. Captain of the Merchant Navy, retired. All photographs are taken by me.","Valencia, EspaÃ±a","#Chelva JuderÃ­a, hacia el CallejÃ³n del Camote.
https://t.co/Uvx9XGm7aK https://t.co/6I5Sr9GtDm",es,['Chelva'],['https://pbs.twimg.com/media/FB-f_8JWUAklS2D.jpg'],Twitter Web App,,,
2021-10-16 16:58:55+00:00,Manuel HernÃ¡ndez Lafuente âš“ğŸŒ±ğŸ“·,ManuelHdezLaf,"CapitÃ¡n de la Marina Mercante, jubilado. FotografÃ­a. Solo fotos tomadas por mi. Captain of the Merchant Navy, retired. All photographs are taken by me.","Valencia, EspaÃ±a","#Meliaceae
#Melia azedarach L. / Cinamomo. Persian-lilac. Lilas des Indes. https://t.co/LprwNAJalk",in,"['Meliaceae', 'Melia']",['https://pbs.twimg.com/media/FB1fbrzWEAAiiZd.jpg'],Twitter Web App,,,
2021-10-16 16:21:10+00:00,Manuel HernÃ¡ndez Lafuente âš“ğŸŒ±ğŸ“·,ManuelHdezLaf,"CapitÃ¡n de la Marina Mercante, jubilado. FotografÃ­a. Solo fotos tomadas por mi. Captain of the Merchant Navy, retired. All photographs are taken by me.","Valencia, EspaÃ±a","#Marantaceae
#Thalia dealbata Fraser / Powdery alligator-flag. Hardy canna. https://t.co/UJwSCm06gs",en,"['Marantaceae', 'Thalia']",['https://pbs.twimg.com/media/FB1WyPLXIAYXWHa.jpg'],Twitter Web App,,,
2021-10-16 09:20:10+00:00,Manuel HernÃ¡ndez Lafuente âš“ğŸŒ±ğŸ“·,ManuelHdezLaf,"CapitÃ¡n de la Marina Mercante, jubilado. FotografÃ­a. Solo fotos tomadas por mi. Captain of the Merchant Navy, retired. All photographs are taken by me.","Valencia, EspaÃ±a",Rocky sunrise ğŸŒ… https://t.co/23xkXY4tak,en,,['https://pbs.twimg.com/media/FBz2LCfWQAMioWS.jpg'],Twitter Web App,,,
2021-10-14 10:12:24+00:00,Manuel HernÃ¡ndez Lafuente âš“ğŸŒ±ğŸ“·,ManuelHdezLaf,"CapitÃ¡n de la Marina Mercante, jubilado. FotografÃ­a. Solo fotos tomadas por mi. Captain of the Merchant Navy, retired. All photographs are taken by me.","Valencia, EspaÃ±a","#Campanulaceae
#Triodanis perfoliata (L.) Nieuwl. / Clasping Venus looking-glass. SpÃ©culaire perfoliÃ©e. https://t.co/kM2fzakpXt",fr,"['Campanulaceae', 'Triodanis']",['https://pbs.twimg.com/media/FBpvNdGXsAcnBkF.jpg'],Twitter Web App,,,
2021-10-13 16:54:04+00:00,Manuel HernÃ¡ndez Lafuente âš“ğŸŒ±ğŸ“·,ManuelHdezLaf,"CapitÃ¡n de la Marina Mercante, jubilado. FotografÃ­a. Solo fotos tomadas por mi. Captain of the Merchant Navy, retired. All photographs are taken by me.","Valencia, EspaÃ±a","#Sevilla Plaza de EspaÃ±a, puente de LeÃ³n.
https://t.co/cJcoVLWyj7 https://t.co/gEN9PXYrJD",es,['Sevilla'],['https://pbs.twimg.com/media/FBmBjgxX0A4DTbA.jpg'],Twitter Web App,,,
2021-10-12 10:20:30+00:00,Manuel HernÃ¡ndez Lafuente âš“ğŸŒ±ğŸ“·,ManuelHdezLaf,"CapitÃ¡n de la Marina Mercante, jubilado. FotografÃ­a. Solo fotos tomadas por mi. Captain of the Merchant Navy, retired. All photographs are taken by me.","Valencia, EspaÃ±a","#Malvaceae
#Hibiscus rosa-sinensis L. 'Seminole' / Hibisco. Hawaiian hibiscus. Hibiscus. https://t.co/yoMnGpc9Lf",ca,"['Malvaceae', 'Hibiscus']",['https://pbs.twimg.com/media/FBfd4mvXoAQQRPw.jpg'],Twitter Web App,,,
2021-10-10 16:35:58+00:00,Manuel HernÃ¡ndez Lafuente âš“ğŸŒ±ğŸ“·,ManuelHdezLaf,"CapitÃ¡n de la Marina Mercante, jubilado. FotografÃ­a. Solo fotos tomadas por mi. Captain of the Merchant Navy, retired. All photographs are taken by me.","Valencia, EspaÃ±a",Algunas fotografÃ­as de esta maÃ±ana del 10/10/2021 en el Puerto de Valencia. ğŸŒ…âš“ï¸ğŸš¢â˜ï¸ https://t.co/vBnB1du4Be,es,,['https://pbs.twimg.com/media/FBWgb_9XsAIzNck.jpg'],Twitter Web App,,,
2021-10-09 05:37:39+00:00,Manuel HernÃ¡ndez Lafuente âš“ğŸŒ±ğŸ“·,ManuelHdezLaf,"CapitÃ¡n de la Marina Mercante, jubilado. FotografÃ­a. Solo fotos tomadas por mi. Captain of the Merchant Navy, retired. All photographs are taken by me.","Valencia, EspaÃ±a",Salty sunrise ğŸŒ… https://t.co/GJmBena7tm,en,,['https://pbs.twimg.com/media/FBPAOO0XoAA1qpy.jpg'],Twitter Web App,,,
2021-10-08 11:03:57+00:00,Manuel HernÃ¡ndez Lafuente âš“ğŸŒ±ğŸ“·,ManuelHdezLaf,"CapitÃ¡n de la Marina Mercante, jubilado. FotografÃ­a. Solo fotos tomadas por mi. Captain of the Merchant Navy, retired. All photographs are taken by me.","Valencia, EspaÃ±a","#Malvaceae
#Hibiscus moscheutos L. / Hibisco. Crimsoneyed rosemallow. Ketmie des marais. https://t.co/3HXw1wBARS",in,"['Malvaceae', 'Hibiscus']",['https://pbs.twimg.com/media/FBLBaS2WUAMpuq9.jpg'],Twitter Web App,,,
2021-10-08 10:23:58+00:00,Manuel HernÃ¡ndez Lafuente âš“ğŸŒ±ğŸ“·,ManuelHdezLaf,"CapitÃ¡n de la Marina Mercante, jubilado. FotografÃ­a. Solo fotos tomadas por mi. Captain of the Merchant Navy, retired. All photographs are taken by me.","Valencia, EspaÃ±a","#Malvaceae
#Hibiscus mutabilis L. / Malva rosa. Cotton-rose. CaractÃ¨re des dames.
#Valencia JardÃ­n de Ayora https://t.co/XPOEkoYzJZ",ca,"['Malvaceae', 'Hibiscus', 'Valencia']",['https://pbs.twimg.com/media/FBK4EjwX0AcR09-.jpg'],Twitter Web App,,,
2021-10-04 09:15:30+00:00,Manuel HernÃ¡ndez Lafuente âš“ğŸŒ±ğŸ“·,ManuelHdezLaf,"CapitÃ¡n de la Marina Mercante, jubilado. FotografÃ­a. Solo fotos tomadas por mi. Captain of the Merchant Navy, retired. All photographs are taken by me.","Valencia, EspaÃ±a","#Ranunculaceae
#Nigella damascena L. / Cabellos de venus. Love in a mist. Nigelle de Damas. https://t.co/vn7yd9dcgh",es,"['Ranunculaceae', 'Nigella']",['https://pbs.twimg.com/media/FA2CSbaXIAIVxB7.jpg'],Twitter Web App,,,
2021-10-04 06:01:29+00:00,Manuel HernÃ¡ndez Lafuente âš“ğŸŒ±ğŸ“·,ManuelHdezLaf,"CapitÃ¡n de la Marina Mercante, jubilado. FotografÃ­a. Solo fotos tomadas por mi. Captain of the Merchant Navy, retired. All photographs are taken by me.","Valencia, EspaÃ±a","#Valencia, vista al oeste de Santa Caterina.
https://t.co/m6AuFgaJRf https://t.co/gDcoY1CEKs",es,['Valencia'],['https://pbs.twimg.com/media/FA1V4XcXsAMyrcQ.jpg'],Twitter Web App,,,
2021-10-02 05:18:28+00:00,Manuel HernÃ¡ndez Lafuente âš“ğŸŒ±ğŸ“·,ManuelHdezLaf,"CapitÃ¡n de la Marina Mercante, jubilado. FotografÃ­a. Solo fotos tomadas por mi. Captain of the Merchant Navy, retired. All photographs are taken by me.","Valencia, EspaÃ±a",Sunrise at the anchorage ğŸ“· Sagunto 05/07/2009 ğŸŒ… https://t.co/lS3lFY9usk,en,,['https://pbs.twimg.com/media/FAq42xkWUAITSOi.jpg'],Twitter Web App,,,
2021-10-01 16:29:36+00:00,Manuel HernÃ¡ndez Lafuente âš“ğŸŒ±ğŸ“·,ManuelHdezLaf,"CapitÃ¡n de la Marina Mercante, jubilado. FotografÃ­a. Solo fotos tomadas por mi. Captain of the Merchant Navy, retired. All photographs are taken by me.","Valencia, EspaÃ±a","#Malvaceae
#Ceiba speciosa (https://t.co/eU7sQhjIrI.-Hil.) Ravenna / Palo borracho. Floss-silktree. https://t.co/XDLzzY0CXa",et,"['Malvaceae', 'Ceiba']",['https://pbs.twimg.com/media/FAoIzivXoAQmZy6.jpg'],Twitter Web App,,,
2021-10-01 06:05:52+00:00,Manuel HernÃ¡ndez Lafuente âš“ğŸŒ±ğŸ“·,ManuelHdezLaf,"CapitÃ¡n de la Marina Mercante, jubilado. FotografÃ­a. Solo fotos tomadas por mi. Captain of the Merchant Navy, retired. All photographs are taken by me.","Valencia, EspaÃ±a",#FelizOctubre #HappyOctober https://t.co/t7J36conQv,und,"['FelizOctubre', 'HappyOctober']",['https://pbs.twimg.com/media/FAl6DTmWUAE4upx.jpg'],Twitter Web App,,,
2021-09-30 10:36:30+00:00,Manuel HernÃ¡ndez Lafuente âš“ğŸŒ±ğŸ“·,ManuelHdezLaf,"CapitÃ¡n de la Marina Mercante, jubilado. FotografÃ­a. Solo fotos tomadas por mi. Captain of the Merchant Navy, retired. All photographs are taken by me.","Valencia, EspaÃ±a","Puente giratorio de La Marina de Valencia ğŸ“· 30/09/2021 â˜ï¸
https://t.co/y7gI52zI4A https://t.co/9VLmBhzMZn",es,,['https://pbs.twimg.com/media/FAhud8yXEAs02fM.jpg'],Twitter Web App,,,
2021-09-28 11:18:05+00:00,Manuel HernÃ¡ndez Lafuente âš“ğŸŒ±ğŸ“·,ManuelHdezLaf,"CapitÃ¡n de la Marina Mercante, jubilado. FotografÃ­a. Solo fotos tomadas por mi. Captain of the Merchant Navy, retired. All photographs are taken by me.","Valencia, EspaÃ±a","#Zygophyllaceae
#Tribulus terrestris L. / Abrojos. Caltrop. Tribule terrestre. https://t.co/eBtCVSJz1E",ca,"['Zygophyllaceae', 'Tribulus']",['https://pbs.twimg.com/media/FAXkzI1WEAUlrEk.jpg'],Twitter Web App,,,
2021-09-27 12:18:12+00:00,Manuel HernÃ¡ndez Lafuente âš“ğŸŒ±ğŸ“·,ManuelHdezLaf,"CapitÃ¡n de la Marina Mercante, jubilado. FotografÃ­a. Solo fotos tomadas por mi. Captain of the Merchant Navy, retired. All photographs are taken by me.","Valencia, EspaÃ±a","#Poaceae
#Arundo donax L. / CaÃ±a comÃºn. Giant reed. Canne de Provence. https://t.co/D6bWC0sK4E",ca,"['Poaceae', 'Arundo']",['https://pbs.twimg.com/media/FASo909VUAsMFkV.jpg'],Twitter Web App,,,
2021-09-26 05:55:24+00:00,Manuel HernÃ¡ndez Lafuente âš“ğŸŒ±ğŸ“·,ManuelHdezLaf,"CapitÃ¡n de la Marina Mercante, jubilado. FotografÃ­a. Solo fotos tomadas por mi. Captain of the Merchant Navy, retired. All photographs are taken by me.","Valencia, EspaÃ±a","El pequeÃ±o puerto de Tabarca
https://t.co/us8eMUZAm7 https://t.co/5cCg922rnr",es,,['https://pbs.twimg.com/media/FAMHxddUcA4qqD5.jpg'],Twitter Web App,,,
2021-09-25 16:28:40+00:00,Manuel HernÃ¡ndez Lafuente âš“ğŸŒ±ğŸ“·,ManuelHdezLaf,"CapitÃ¡n de la Marina Mercante, jubilado. FotografÃ­a. Solo fotos tomadas por mi. Captain of the Merchant Navy, retired. All photographs are taken by me.","Valencia, EspaÃ±a","#Lythraceae
#Punica granatum L. / Granado. Pomegranate. Grenadier commun. https://t.co/uVBqvionDT",it,"['Lythraceae', 'Punica']",['https://pbs.twimg.com/media/FAJPF-hX0AEOzh0.jpg'],Twitter Web App,,,
2021-09-25 09:51:42+00:00,Manuel HernÃ¡ndez Lafuente âš“ğŸŒ±ğŸ“·,ManuelHdezLaf,"CapitÃ¡n de la Marina Mercante, jubilado. FotografÃ­a. Solo fotos tomadas por mi. Captain of the Merchant Navy, retired. All photographs are taken by me.","Valencia, EspaÃ±a","A boat between eroded cliffs
#Portugal #Lagos Ponta da Piedade
https://t.co/mCPGbCUj3N https://t.co/MSFOUK9qRr",en,"['Portugal', 'Lagos']",['https://pbs.twimg.com/media/FAH0Q1-WYAA2BgG.jpg'],Twitter Web App,,,
2021-09-24 10:04:25+00:00,Manuel HernÃ¡ndez Lafuente âš“ğŸŒ±ğŸ“·,ManuelHdezLaf,"CapitÃ¡n de la Marina Mercante, jubilado. FotografÃ­a. Solo fotos tomadas por mi. Captain of the Merchant Navy, retired. All photographs are taken by me.","Valencia, EspaÃ±a","#Linaceae
#Linum usitatissimum L. / Lino. Linseed. Lin. https://t.co/1xw0Zgje4P",en,"['Linaceae', 'Linum']",['https://pbs.twimg.com/media/FACtG1wVQAAJp5g.jpg'],Twitter Web App,,,
2021-09-23 10:56:59+00:00,Manuel HernÃ¡ndez Lafuente âš“ğŸŒ±ğŸ“·,ManuelHdezLaf,"CapitÃ¡n de la Marina Mercante, jubilado. FotografÃ­a. Solo fotos tomadas por mi. Captain of the Merchant Navy, retired. All photographs are taken by me.","Valencia, EspaÃ±a","Puerto Viejo de Cudillero
https://t.co/n8h6KMcRhT https://t.co/o7weWisuo6",es,,['https://pbs.twimg.com/media/E_9wAPlX0AA1EUW.jpg'],Twitter Web App,,,
2021-09-23 05:23:09+00:00,Manuel HernÃ¡ndez Lafuente âš“ğŸŒ±ğŸ“·,ManuelHdezLaf,"CapitÃ¡n de la Marina Mercante, jubilado. FotografÃ­a. Solo fotos tomadas por mi. Captain of the Merchant Navy, retired. All photographs are taken by me.","Valencia, EspaÃ±a","Feliz entrada del OtoÃ±o
#HappyAutumn https://t.co/w45RU8EsG9",es,['HappyAutumn'],['https://pbs.twimg.com/media/E_8jmKtXIAMmOr6.jpg'],Twitter Web App,,,
2021-09-21 10:10:44+00:00,Manuel HernÃ¡ndez Lafuente âš“ğŸŒ±ğŸ“·,ManuelHdezLaf,"CapitÃ¡n de la Marina Mercante, jubilado. FotografÃ­a. Solo fotos tomadas por mi. Captain of the Merchant Navy, retired. All photographs are taken by me.","Valencia, EspaÃ±a","Claustro del Real Colegio Seminario de Corpus Christi o del Patriarca #Valencia 
https://t.co/t9uIXDJheq https://t.co/kiuiBpCmxl",es,['Valencia'],['https://pbs.twimg.com/media/E_zSQT9UcAkcJwW.jpg'],Twitter Web App,,,
2021-09-20 18:38:19+00:00,Manuel HernÃ¡ndez Lafuente âš“ğŸŒ±ğŸ“·,ManuelHdezLaf,"CapitÃ¡n de la Marina Mercante, jubilado. FotografÃ­a. Solo fotos tomadas por mi. Captain of the Merchant Navy, retired. All photographs are taken by me.","Valencia, EspaÃ±a","#Leguminosae
#Wisteria floribunda (Willd.) DC. / Glicina. Japanese wisteria. Glycine. https://t.co/j1PtmFhSvn",ro,"['Leguminosae', 'Wisteria']",['https://pbs.twimg.com/media/E_v82caXEAYNlnA.jpg'],Twitter Web App,,,
2021-09-20 18:08:24+00:00,Manuel HernÃ¡ndez Lafuente âš“ğŸŒ±ğŸ“·,ManuelHdezLaf,"CapitÃ¡n de la Marina Mercante, jubilado. FotografÃ­a. Solo fotos tomadas por mi. Captain of the Merchant Navy, retired. All photographs are taken by me.","Valencia, EspaÃ±a","#Brassicaceae
#Vella pseudocytisus L. / Pitano. https://t.co/cwePBDAAWX",und,"['Brassicaceae', 'Vella']",['https://pbs.twimg.com/media/E_v2AQxXEAMQYBQ.jpg'],Twitter Web App,,,
2021-09-19 16:49:56+00:00,Manuel HernÃ¡ndez Lafuente âš“ğŸŒ±ğŸ“·,ManuelHdezLaf,"CapitÃ¡n de la Marina Mercante, jubilado. FotografÃ­a. Solo fotos tomadas por mi. Captain of the Merchant Navy, retired. All photographs are taken by me.","Valencia, EspaÃ±a","#Leguminosae
#Cassia fistula L. / CaÃ±afistula. Indian-laburnum. BÃ¢ton casse. https://t.co/4nnQ3givan",ro,"['Leguminosae', 'Cassia']",['https://pbs.twimg.com/media/E_qacOmXIAMx16Z.jpg'],Twitter Web App,,,
2021-09-17 12:05:39+00:00,Manuel HernÃ¡ndez Lafuente âš“ğŸŒ±ğŸ“·,ManuelHdezLaf,"CapitÃ¡n de la Marina Mercante, jubilado. FotografÃ­a. Solo fotos tomadas por mi. Captain of the Merchant Navy, retired. All photographs are taken by me.","Valencia, EspaÃ±a","Cumulonimbo sobre el Castillo de Sagunto ğŸ“· 16/09/2021 â˜ï¸
https://t.co/zzUUIQkJaz https://t.co/WFp1jNpxt0",es,,['https://pbs.twimg.com/media/E_fGNJRWQAAxFgL.jpg'],Twitter Web App,,,
2021-09-16 18:05:04+00:00,Manuel HernÃ¡ndez Lafuente âš“ğŸŒ±ğŸ“·,ManuelHdezLaf,"CapitÃ¡n de la Marina Mercante, jubilado. FotografÃ­a. Solo fotos tomadas por mi. Captain of the Merchant Navy, retired. All photographs are taken by me.","Valencia, EspaÃ±a",AproximÃ¡ndose esta tarde la tormenta a Valencia ğŸ“· 16/09/2021 â›ˆï¸ https://t.co/2dGhy2rfzO,es,,['https://pbs.twimg.com/media/E_bO0OWWQAUEn2M.jpg'],Twitter Web App,,,
2021-09-15 09:52:32+00:00,Manuel HernÃ¡ndez Lafuente âš“ğŸŒ±ğŸ“·,ManuelHdezLaf,"CapitÃ¡n de la Marina Mercante, jubilado. FotografÃ­a. Solo fotos tomadas por mi. Captain of the Merchant Navy, retired. All photographs are taken by me.","Valencia, EspaÃ±a","#Valencia Torre del Micalet desde la Torre de Santa Caterina.
https://t.co/q1wa1KoQSd https://t.co/XTPgkAxRsm",ca,['Valencia'],['https://pbs.twimg.com/media/E_UUjhAXMAEmkKQ.jpg'],Twitter Web App,,,
