created_at,user_name,description,user_location,text,language,hashtags,media_url,place
2020-09-25 10:00:23+00:00,CargoShipVoyage,"Purveyors of sea travel since 1993, we are worldwide booking agents for passengers on cargo ships. Licensed UK travel agent TTA Member Q1569.","Cowes, UK",We're very much open for enquiries and bookings for travel in 2021! #cargoshipcruises #cargoshipjourney #seatravel https://t.co/N2xMcoMBvS,en,"['cargoshipcruises', 'cargoshipjourney', 'seatravel']",['https://pbs.twimg.com/media/EiwJ9DRXcAArU1-.jpg'],
2020-05-08 21:09:58+00:00,CargoShipVoyage,"Purveyors of sea travel since 1993, we are worldwide booking agents for passengers on cargo ships. Licensed UK travel agent TTA Member Q1569.","Cowes, UK",https://t.co/EfvKsdkFhp,und,,['https://pbs.twimg.com/media/EXhko9pXsAAX6jV.jpg'],
2020-03-23 19:51:03+00:00,CargoShipVoyage,"Purveyors of sea travel since 1993, we are worldwide booking agents for passengers on cargo ships. Licensed UK travel agent TTA Member Q1569.","Cowes, UK",RT @Humansatsea: Stay inside your home. we are working to bring what you need. #humansatsea https://t.co/jJTOecvEmL,en,['humansatsea'],['https://pbs.twimg.com/media/ETzgEVHUYAATmEd.jpg'],
2017-10-15 12:00:37+00:00,CargoShipVoyage,"Purveyors of sea travel since 1993, we are worldwide booking agents for passengers on cargo ships. Licensed UK travel agent TTA Member Q1569.","Cowes, UK","RT @careersatsea: New day. New adventure. Be a part of it.
#careersatsea https://t.co/hc6Nj8Mcmg",en,['careersatsea'],['https://pbs.twimg.com/ext_tw_video_thumb/907897567131860992/pu/img/IOQyH2xbSNiH4Kjo.jpg'],
2016-07-05 21:05:56+00:00,CargoShipVoyage,"Purveyors of sea travel since 1993, we are worldwide booking agents for passengers on cargo ships. Licensed UK travel agent TTA Member Q1569.","Cowes, UK",RT @dixitsudhir12: #seafarers #SailorsLife @FlyingAngelNews @MaritimeInsight @IMOHQ https://t.co/MufxCaNX2N,und,"['seafarers', 'SailorsLife']",['https://pbs.twimg.com/media/Cmg7y3uUcAAOQNE.jpg'],
2016-04-03 16:34:02+00:00,CargoShipVoyage,"Purveyors of sea travel since 1993, we are worldwide booking agents for passengers on cargo ships. Licensed UK travel agent TTA Member Q1569.","Cowes, UK",New CMA CGM routes for passengers now on our website https://t.co/io30pOdOk3 for inspiration! #TravelTuesday https://t.co/nPKhv8BzLr,en,['TravelTuesday'],['https://pbs.twimg.com/media/CfDRh-XXIAAi7nj.jpg'],
2015-12-19 13:41:48+00:00,CargoShipVoyage,"Purveyors of sea travel since 1993, we are worldwide booking agents for passengers on cargo ships. Licensed UK travel agent TTA Member Q1569.","Cowes, UK",My best RTs this week came from: @MarlinsUK #thankSAll Who were yours? https://t.co/k5pOseLpHl https://t.co/I3c86JtWrd,en,['thankSAll'],['https://pbs.twimg.com/media/CWl7I0hXIAA7C1J.png'],
2015-12-05 13:22:40+00:00,CargoShipVoyage,"Purveyors of sea travel since 1993, we are worldwide booking agents for passengers on cargo ships. Licensed UK travel agent TTA Member Q1569.","Cowes, UK",My best RTs this week came from: @NANITOT800 #thankSAll Who were yours? https://t.co/k5pOseLpHl https://t.co/1yOfhE86L9,en,['thankSAll'],['https://pbs.twimg.com/media/CVdwgMKWEAA53fy.png'],
2015-11-28 12:29:45+00:00,CargoShipVoyage,"Purveyors of sea travel since 1993, we are worldwide booking agents for passengers on cargo ships. Licensed UK travel agent TTA Member Q1569.","Cowes, UK",My best RTs this week came from: @NANITOT800 #thankSAll Who were yours? https://t.co/k5pOseLpHl https://t.co/aSsh3g1RAQ,en,['thankSAll'],['https://pbs.twimg.com/media/CU5hQpmUkAAHiwX.png'],
2015-11-21 11:53:33+00:00,CargoShipVoyage,"Purveyors of sea travel since 1993, we are worldwide booking agents for passengers on cargo ships. Licensed UK travel agent TTA Member Q1569.","Cowes, UK",My best RTs this week came from: @NANITOT800 #thankSAll Who were yours? https://t.co/k5pOseLpHl https://t.co/bZq4lMr4BR,en,['thankSAll'],['https://pbs.twimg.com/media/CUVV2UTWUAAmjTc.png'],
2015-10-10 11:49:27+00:00,CargoShipVoyage,"Purveyors of sea travel since 1993, we are worldwide booking agents for passengers on cargo ships. Licensed UK travel agent TTA Member Q1569.","Cowes, UK",My best RTs this week came from: @seavisionuk #thankSAll Who were yours? http://t.co/k5pOseLpHl http://t.co/laDAHG9cYv,en,['thankSAll'],['https://pbs.twimg.com/media/CQ9CIlfWUAAgOqi.png'],
2015-10-07 09:00:02+00:00,CargoShipVoyage,"Purveyors of sea travel since 1993, we are worldwide booking agents for passengers on cargo ships. Licensed UK travel agent TTA Member Q1569.","Cowes, UK",Passengers on cargo ships become great good will ambassadors for the industry. Why not try it! #maritime #shipping http://t.co/qDmzobEkzV,en,"['maritime', 'shipping']",['https://pbs.twimg.com/media/COh7wsAWgAA_JuU.jpg'],
2015-10-07 07:07:36+00:00,CargoShipVoyage,"Purveyors of sea travel since 1993, we are worldwide booking agents for passengers on cargo ships. Licensed UK travel agent TTA Member Q1569.","Cowes, UK",RT @NOCnews: Good morning! Approaching @dartfordtraffic as we get closer to #London #RRSDiscovery @NERCscience http://t.co/0wnp1JtX4x,en,"['London', 'RRSDiscovery']",['https://pbs.twimg.com/media/CQsRpdmWUAABWn1.jpg'],
2015-10-05 09:00:07+00:00,CargoShipVoyage,"Purveyors of sea travel since 1993, we are worldwide booking agents for passengers on cargo ships. Licensed UK travel agent TTA Member Q1569.","Cowes, UK",Passengers on cargo ships become great good will ambassadors for the industry. Why not try it! #maritime #shipping http://t.co/2FSbVisI4Y,en,"['maritime', 'shipping']",['https://pbs.twimg.com/media/COh7p1LW8AAWYDL.jpg'],
2015-10-01 08:57:06+00:00,CargoShipVoyage,"Purveyors of sea travel since 1993, we are worldwide booking agents for passengers on cargo ships. Licensed UK travel agent TTA Member Q1569.","Cowes, UK",Passengers on cargo ships - why not? Good for crew morale &amp; social &amp; mental well being! #maritime #maritimenation http://t.co/SPifGEYCm9,en,"['maritime', 'maritimenation']",['https://pbs.twimg.com/media/COh69dIWcAEDFpm.jpg'],
2015-09-29 08:56:02+00:00,CargoShipVoyage,"Purveyors of sea travel since 1993, we are worldwide booking agents for passengers on cargo ships. Licensed UK travel agent TTA Member Q1569.","Cowes, UK",Passengers on cargo ships - why not? Good for crew morale &amp; social &amp; mental well being! #maritime #maritimenation http://t.co/88XEHhEQLI,en,"['maritime', 'maritimenation']",['https://pbs.twimg.com/media/COh62ESWoAAkn00.jpg'],
2015-09-27 08:54:03+00:00,CargoShipVoyage,"Purveyors of sea travel since 1993, we are worldwide booking agents for passengers on cargo ships. Licensed UK travel agent TTA Member Q1569.","Cowes, UK",Passengers on cargo ships - why not? They support our maritime charities #maritimenation #maritime http://t.co/ECQGVSBCDG,en,"['maritimenation', 'maritime']",['https://pbs.twimg.com/media/COh6RlOW8AAc3L1.jpg'],
2015-09-25 20:43:01+00:00,CargoShipVoyage,"Purveyors of sea travel since 1993, we are worldwide booking agents for passengers on cargo ships. Licensed UK travel agent TTA Member Q1569.","Cowes, UK",For voyage inspiration see http://t.co/io30pOdOk3  - Purveyors of sea travel! #freighters #flightlesstravel #travel http://t.co/zhogQYEw5q,en,"['freighters', 'flightlesstravel', 'travel']",['https://pbs.twimg.com/media/COh38UfWUAAGlyx.jpg'],
2015-09-24 08:54:05+00:00,CargoShipVoyage,"Purveyors of sea travel since 1993, we are worldwide booking agents for passengers on cargo ships. Licensed UK travel agent TTA Member Q1569.","Cowes, UK",Passengers on cargo ships - why not? They support our maritime charities #maritime #maritimenation http://t.co/Kj9V4RqlNE,en,"['maritime', 'maritimenation']",['https://pbs.twimg.com/media/COh6dc3WwAArko_.jpg'],
2015-09-23 08:53:05+00:00,CargoShipVoyage,"Purveyors of sea travel since 1993, we are worldwide booking agents for passengers on cargo ships. Licensed UK travel agent TTA Member Q1569.","Cowes, UK",Passengers on UK cargo ships - why not? We can manage on a turnkey basis. Please help! #maritime #maritimenation http://t.co/SfLmEKo0ky,en,"['maritime', 'maritimenation']",['https://pbs.twimg.com/media/COh6C0vWoAAtbsK.jpg'],
2015-09-22 08:43:06+00:00,CargoShipVoyage,"Purveyors of sea travel since 1993, we are worldwide booking agents for passengers on cargo ships. Licensed UK travel agent TTA Member Q1569.","Cowes, UK",For voyage inspiration see http://t.co/io30pOdOk3  - Purveyors of sea travel! #freighters #flightlesstravel #travel http://t.co/j492R9cEsL,en,"['freighters', 'flightlesstravel', 'travel']",['https://pbs.twimg.com/media/COh30UKWgAAavFU.jpg'],
2015-09-20 13:55:29+00:00,CargoShipVoyage,"Purveyors of sea travel since 1993, we are worldwide booking agents for passengers on cargo ships. Licensed UK travel agent TTA Member Q1569.","Cowes, UK",RT @KontainersUK: This Fact Is Healthy And Will Keep You Going For The Day #shipping #export #ship #cargo #send http://t.co/XGcsZgcMiF,en,"['shipping', 'export', 'ship', 'cargo', 'send']",['https://pbs.twimg.com/media/CPCML2rUYAAHPYq.jpg'],
2015-09-20 13:52:31+00:00,CargoShipVoyage,"Purveyors of sea travel since 1993, we are worldwide booking agents for passengers on cargo ships. Licensed UK travel agent TTA Member Q1569.","Cowes, UK",RT @KontainersUK: The Distances Travelled By Container Ships Is Huge! #shipping #ship #export #send #cargo #trade http://t.co/RZtTyvCbcd,en,"['shipping', 'ship', 'export', 'send', 'cargo', 'trade']",['https://pbs.twimg.com/media/CPWbp5TUYAAEnMt.jpg'],
2015-09-20 08:41:04+00:00,CargoShipVoyage,"Purveyors of sea travel since 1993, we are worldwide booking agents for passengers on cargo ships. Licensed UK travel agent TTA Member Q1569.","Cowes, UK",For voyage inspiration see http://t.co/io30pOdOk3  - Purveyors of sea travel! #freighters #flightlesstravel #travel http://t.co/1mOENAzHna,en,"['freighters', 'flightlesstravel', 'travel']",['https://pbs.twimg.com/media/COh3dASWwAAVlmH.jpg'],
2015-09-19 11:37:39+00:00,CargoShipVoyage,"Purveyors of sea travel since 1993, we are worldwide booking agents for passengers on cargo ships. Licensed UK travel agent TTA Member Q1569.","Cowes, UK",My best RTs this week came from: @GoNordicCruises #thankSAll Who were yours? http://t.co/k5pOseLpHl http://t.co/ffKox3DBjt,en,['thankSAll'],['https://pbs.twimg.com/media/CPQ2DEzWgAAN_5v.png'],
2015-09-14 08:52:04+00:00,CargoShipVoyage,"Purveyors of sea travel since 1993, we are worldwide booking agents for passengers on cargo ships. Licensed UK travel agent TTA Member Q1569.","Cowes, UK",Passengers on UK cargo ships - why not? We can manage on a turnkey basis. Please help! #maritime #maritimenation http://t.co/yZr2qZtGZQ,en,"['maritime', 'maritimenation']",['https://pbs.twimg.com/media/COh539AWwAAhBPZ.jpg'],
2015-09-12 11:56:36+00:00,CargoShipVoyage,"Purveyors of sea travel since 1993, we are worldwide booking agents for passengers on cargo ships. Licensed UK travel agent TTA Member Q1569.","Cowes, UK",My best RTs this week came from: @brocknoland @AlessandroSanos #thankSAll Who were yours? http://t.co/k5pOseLpHl http://t.co/uYpoH7idQK,en,['thankSAll'],['https://pbs.twimg.com/media/COs3QXGU8AED9Bw.png'],
2015-09-10 08:51:54+00:00,CargoShipVoyage,"Purveyors of sea travel since 1993, we are worldwide booking agents for passengers on cargo ships. Licensed UK travel agent TTA Member Q1569.","Cowes, UK",Passengers on UK cargo ships - why not? We can manage on a turnkey basis. Please help! #maritime #maritimenation http://t.co/rvTf9VGDye,en,"['maritime', 'maritimenation']",['https://pbs.twimg.com/media/COh5n7QWcAEL-aB.jpg'],
2015-09-10 08:42:55+00:00,CargoShipVoyage,"Purveyors of sea travel since 1993, we are worldwide booking agents for passengers on cargo ships. Licensed UK travel agent TTA Member Q1569.","Cowes, UK",For voyage inspiration see http://t.co/io30pNWdsv  - Purveyors of sea travel! #flightlesstravel #freightertravel http://t.co/2En2x48vkj,en,"['flightlesstravel', 'freightertravel']",['https://pbs.twimg.com/media/COh3tIVW8AEgdrV.jpg'],
2015-07-24 16:08:05+00:00,CargoShipVoyage,"Purveyors of sea travel since 1993, we are worldwide booking agents for passengers on cargo ships. Licensed UK travel agent TTA Member Q1569.","Cowes, UK","USA Panama Far East circular dep. Savannah 70 Nights 1st voyage 11 August see website
#freighters #seavoyages http://t.co/P3hI2jFiHA",en,"['freighters', 'seavoyages']",['https://pbs.twimg.com/media/CKNXwZ1UMAA1noI.jpg'],
2015-07-20 08:28:01+00:00,CargoShipVoyage,"Purveyors of sea travel since 1993, we are worldwide booking agents for passengers on cargo ships. Licensed UK travel agent TTA Member Q1569.","Cowes, UK",'Conti Elektra' has an updated itinerary now including Curacao on 14 day circuit; see website #freghtertravel #travel http://t.co/MW0C6y1YdR,en,"['freghtertravel', 'travel']",['https://pbs.twimg.com/media/CKNXQsWUYAAnV97.jpg'],
2015-07-18 15:26:30+00:00,CargoShipVoyage,"Purveyors of sea travel since 1993, we are worldwide booking agents for passengers on cargo ships. Licensed UK travel agent TTA Member Q1569.","Cowes, UK",'Conti Paris' adds new route from Trieste 12 Aug details on our website #flightlesstravel #freighters #seatravel http://t.co/iJNNe02pk3,en,"['flightlesstravel', 'freighters', 'seatravel']",['https://pbs.twimg.com/media/CKNNooyUcAIaPz1.jpg'],
2015-07-17 17:45:07+00:00,CargoShipVoyage,"Purveyors of sea travel since 1993, we are worldwide booking agents for passengers on cargo ships. Licensed UK travel agent TTA Member Q1569.","Cowes, UK",For voyage inspiration see http://t.co/io30pOdOk3 - Purveyors of sea travel since 1993. #seatravel #cruises http://t.co/cVPyza3dlL,en,"['seatravel', 'cruises']",['https://pbs.twimg.com/media/CJYybzQUkAAH5Im.jpg'],
2015-07-15 11:03:05+00:00,CargoShipVoyage,"Purveyors of sea travel since 1993, we are worldwide booking agents for passengers on cargo ships. Licensed UK travel agent TTA Member Q1569.","Cowes, UK",For voyage inspiration see http://t.co/io30pOdOk3 - Purveyors of sea travel since 1993. http://t.co/TIgtSHffdj,en,,['https://pbs.twimg.com/media/CJYyJwgUkAAP3BH.jpg'],
2015-07-12 03:00:05+00:00,CargoShipVoyage,"Purveyors of sea travel since 1993, we are worldwide booking agents for passengers on cargo ships. Licensed UK travel agent TTA Member Q1569.","Cowes, UK",For voyage inspiration see http://t.co/io30pOdOk3 - Purveyors of sea travel since 1993. #cruise #travel http://t.co/wmxnzcuOXR,en,"['cruise', 'travel']",['https://pbs.twimg.com/media/CJYx4xOUsAEzuQE.jpg'],
2015-07-11 09:56:04+00:00,CargoShipVoyage,"Purveyors of sea travel since 1993, we are worldwide booking agents for passengers on cargo ships. Licensed UK travel agent TTA Member Q1569.","Cowes, UK","For voyage inspiration see http://t.co/io30pOdOk3 - Travel the world your way!
#seavoyages #travel #cargo http://t.co/gp4GfPDKmi",en,"['seavoyages', 'travel', 'cargo']",['https://pbs.twimg.com/media/CJYuFKeUYAAQLBz.jpg'],
2015-07-10 07:45:03+00:00,CargoShipVoyage,"Purveyors of sea travel since 1993, we are worldwide booking agents for passengers on cargo ships. Licensed UK travel agent TTA Member Q1569.","Cowes, UK",For voyage inspiration see http://t.co/io30pOdOk3 - Travel the world your way! #flightlesstravel #freightercruises http://t.co/Ztz7v5l371,en,"['flightlesstravel', 'freightercruises']",['https://pbs.twimg.com/media/CJYtt84UMAA-0vq.jpg'],
2015-07-09 16:38:06+00:00,CargoShipVoyage,"Purveyors of sea travel since 1993, we are worldwide booking agents for passengers on cargo ships. Licensed UK travel agent TTA Member Q1569.","Cowes, UK",For voyage inspiration see http://t.co/io30pOdOk3 - Purveyors of sea travel! #freighters #flightlesstravel #travel http://t.co/2GrvhTqfpt,en,"['freighters', 'flightlesstravel', 'travel']",['https://pbs.twimg.com/media/CJYs63dUMAAXvQt.jpg'],
2015-07-08 11:05:03+00:00,CargoShipVoyage,"Purveyors of sea travel since 1993, we are worldwide booking agents for passengers on cargo ships. Licensed UK travel agent TTA Member Q1569.","Cowes, UK","For voyage inspiration check out http://t.co/io30pOdOk3 - Purveyors of sea travel!
#freightervoyages #cargoships http://t.co/U76PVUKDTM",en,"['freightervoyages', 'cargoships']",['https://pbs.twimg.com/media/CJYr5KKUsAA6kzJ.jpg'],
2015-07-08 10:58:56+00:00,CargoShipVoyage,"Purveyors of sea travel since 1993, we are worldwide booking agents for passengers on cargo ships. Licensed UK travel agent TTA Member Q1569.","Cowes, UK",For voyage inspiration see http://t.co/io30pNWdsv - Purveyors of sea travel since 1993. http://t.co/XFhS8jX2yE,en,,['https://pbs.twimg.com/media/CJYxF7aUkAA34IQ.jpg'],
2015-07-02 09:05:38+00:00,CargoShipVoyage,"Purveyors of sea travel since 1993, we are worldwide booking agents for passengers on cargo ships. Licensed UK travel agent TTA Member Q1569.","Cowes, UK","USA/Europe Chester 21/07 &amp; 18/08, Wilmington 24/07 &amp; 21/08 to Antwerp double &amp; single now available #cargoshipvoyages http://t.co/79uUoY2xZw",en,['cargoshipvoyages'],['https://pbs.twimg.com/media/CI5dqGGW8AAn2M5.jpg'],
2015-06-02 11:42:45+00:00,CargoShipVoyage,"Purveyors of sea travel since 1993, we are worldwide booking agents for passengers on cargo ships. Licensed UK travel agent TTA Member Q1569.","Cowes, UK","LATE AVAILABILITY MSC ILONA
Europe to USA ports on 24 June double cabin #cargoshipvoyages #travel #freightertravel http://t.co/YmYTDcHh2e",ro,"['cargoshipvoyages', 'travel', 'freightertravel']",['https://pbs.twimg.com/media/CGfh7AdW0AAJ4U8.jpg'],
2015-06-02 11:38:06+00:00,CargoShipVoyage,"Purveyors of sea travel since 1993, we are worldwide booking agents for passengers on cargo ships. Licensed UK travel agent TTA Member Q1569.","Cowes, UK",LATE AVAILABILITY MSC FLAMINIA Genoa - New York/East Coast ports 23rd June double cabin #cargoshipvoyages #travel http://t.co/yajXZA0oOq,ro,"['cargoshipvoyages', 'travel']",['https://pbs.twimg.com/media/CGfg2zXWQAAEBTT.jpg'],
2015-02-09 11:19:07+00:00,CargoShipVoyage,"Purveyors of sea travel since 1993, we are worldwide booking agents for passengers on cargo ships. Licensed UK travel agent TTA Member Q1569.","Cowes, UK",+ LATE AVAILABILITY + USA-Malta-Far East-USA + Departs New York 28/04/15 #freightertravel #cargoshipvoyages #travel http://t.co/ugnSL2QcC0,en,"['freightertravel', 'cargoshipvoyages', 'travel']",['https://pbs.twimg.com/media/B9Zg277IEAA5_Bb.jpg'],
2015-02-09 11:14:31+00:00,CargoShipVoyage,"Purveyors of sea travel since 1993, we are worldwide booking agents for passengers on cargo ships. Licensed UK travel agent TTA Member Q1569.","Cowes, UK","+ LATE AVAILABILITY + USA-Europe + Departs 21/03/15 from Houston +
MSC Ilona #freightertravel #cargoshipvoyages http://t.co/9LlsJCq2Z7",ro,"['freightertravel', 'cargoshipvoyages']",['https://pbs.twimg.com/media/B9Zfz08IQAAZawv.jpg'],
2015-02-09 11:10:49+00:00,CargoShipVoyage,"Purveyors of sea travel since 1993, we are worldwide booking agents for passengers on cargo ships. Licensed UK travel agent TTA Member Q1569.","Cowes, UK","+ LATE AVAILABILITY + USA/SPAIN/ITALY + Departs Boston 24/02/15 +
MSC Flaminia #freightertravel #cargoshipvoyages http://t.co/7caZQGsi4k",en,"['freightertravel', 'cargoshipvoyages']",['https://pbs.twimg.com/media/B9Ze9aIIcAIh2i7.jpg'],
2015-01-27 12:53:46+00:00,CargoShipVoyage,"Purveyors of sea travel since 1993, we are worldwide booking agents for passengers on cargo ships. Licensed UK travel agent TTA Member Q1569.","Cowes, UK",New for passengers! Asia-Aus-NZ- CC Puget available every two months dep Bris 17/02 dep. HK 15/03 #freightertravel http://t.co/AcU1Ut0jO4,en,['freightertravel'],['https://pbs.twimg.com/media/B8W524FCAAAh3K4.jpg'],
2015-01-27 12:52:41+00:00,CargoShipVoyage,"Purveyors of sea travel since 1993, we are worldwide booking agents for passengers on cargo ships. Licensed UK travel agent TTA Member Q1569.","Cowes, UK",New for passengers! Asia-Aus-NZ- CC Puget available every two months dep Bris 17/02 dep. HK 15/03 #cargoshipvoyages http://t.co/v455glFQDI,en,['cargoshipvoyages'],['https://pbs.twimg.com/media/B8W5nB-CYAAZSmh.png'],
2015-01-19 12:41:08+00:00,CargoShipVoyage,"Purveyors of sea travel since 1993, we are worldwide booking agents for passengers on cargo ships. Licensed UK travel agent TTA Member Q1569.","Cowes, UK","Grimaldi adds vessel from 03/15 to Europe/South America service; more outside cabins!
#cargoshipvoyages #freighters http://t.co/njfNvgh4JY",en,"['cargoshipvoyages', 'freighters']",['https://pbs.twimg.com/media/B7tqPyhCQAAsgZB.jpg'],
2015-01-19 11:14:41+00:00,CargoShipVoyage,"Purveyors of sea travel since 1993, we are worldwide booking agents for passengers on cargo ships. Licensed UK travel agent TTA Member Q1569.","Cowes, UK",Italy-Australia late availability dep. 08/03 double cabins from â‚¬95 pppday plus taxes #cargoshipvoyages http://t.co/ILDKWI6Vxk,en,['cargoshipvoyages'],['https://pbs.twimg.com/media/B7tWdcKIUAAkmg5.jpg'],
2015-01-14 22:10:59+00:00,CargoShipVoyage,"Purveyors of sea travel since 1993, we are worldwide booking agents for passengers on cargo ships. Licensed UK travel agent TTA Member Q1569.","Cowes, UK",RT @CMA_CGM_Group: #photo: Have you met #CMACGM Berlioz in #Shanghai ? http://t.co/h1MHePEzQJ,en,"['photo', 'CMACGM', 'Shanghai']",['https://pbs.twimg.com/media/B7UvSAOCMAA5cXm.jpg'],
2014-12-30 17:29:05+00:00,CargoShipVoyage,"Purveyors of sea travel since 1993, we are worldwide booking agents for passengers on cargo ships. Licensed UK travel agent TTA Member Q1569.","Cowes, UK",RT @ryanmoody1991: @CMA_CGM_Group picture of the cma cgm jules verne coming into southampton container terminal!!!! http://t.co/Kleg1tRl5Q,en,,['https://pbs.twimg.com/media/B6HXY8NIQAA7wGY.jpg'],
2014-11-15 12:35:28+00:00,CargoShipVoyage,"Purveyors of sea travel since 1993, we are worldwide booking agents for passengers on cargo ships. Licensed UK travel agent TTA Member Q1569.","Cowes, UK",Our http://t.co/io30pON0QH website refreshed with new ideas for passengers on cargo ships #freightertravel #travel http://t.co/EH3lzi8584,en,"['freightertravel', 'travel']",['https://pbs.twimg.com/media/B2e5mzYIEAENB8X.jpg'],
2014-11-15 09:51:40+00:00,CargoShipVoyage,"Purveyors of sea travel since 1993, we are worldwide booking agents for passengers on cargo ships. Licensed UK travel agent TTA Member Q1569.","Cowes, UK",RT @thepanamacanal: #Panama is the only port in the world in two oceans. #PanamaCanal #Connectivity http://t.co/LsEI7ukSbJ,en,"['Panama', 'PanamaCanal', 'Connectivity']",['https://pbs.twimg.com/media/B2bIDbeCAAExLMI.jpg'],
2014-11-15 09:13:50+00:00,CargoShipVoyage,"Purveyors of sea travel since 1993, we are worldwide booking agents for passengers on cargo ships. Licensed UK travel agent TTA Member Q1569.","Cowes, UK",NEW - 28/12 Med via Suez - Far East &amp; USA W Coast 112 days roundtrip #freightertravel #cargoshipvoyages #seavoyages http://t.co/dEdejkpjwL,en,"['freightertravel', 'cargoshipvoyages', 'seavoyages']",['https://pbs.twimg.com/media/B2eLdYRIEAAC7qE.jpg'],
2014-09-18 12:07:03+00:00,CargoShipVoyage,"Purveyors of sea travel since 1993, we are worldwide booking agents for passengers on cargo ships. Licensed UK travel agent TTA Member Q1569.","Cowes, UK",New NSB cargo service with passengers Europe/Baltic 14 day roundtrip MSC Cordoba #freightertravel #seatravel #cargo http://t.co/3x0z1zfMs0,en,"['freightertravel', 'seatravel', 'cargo']",['https://pbs.twimg.com/media/Bx0G5UoCcAAeiUx.jpg'],
2014-09-16 11:22:40+00:00,CargoShipVoyage,"Purveyors of sea travel since 1993, we are worldwide booking agents for passengers on cargo ships. Licensed UK travel agent TTA Member Q1569.","Cowes, UK","NSB October lates from Italy-Australia, Italy-USA/Mexico, Italy-China #cargoshipvoyages #freightertravel #seatravel http://t.co/jpvskXWjyD",en,"['cargoshipvoyages', 'freightertravel', 'seatravel']",['https://pbs.twimg.com/media/BxppjjxIYAAMEfm.jpg'],
2014-08-30 16:06:54+00:00,CargoShipVoyage,"Purveyors of sea travel since 1993, we are worldwide booking agents for passengers on cargo ships. Licensed UK travel agent TTA Member Q1569.","Cowes, UK",Fremantle to Cape Town &amp; Tilbury dep.16/03/15 contact us for details! #cargoshipvoyages #freightertravel #seatravel http://t.co/CvAPSxH6bQ,en,"['cargoshipvoyages', 'freightertravel', 'seatravel']",['https://pbs.twimg.com/media/BwTHlMaIYAAi41j.jpg'],
2014-08-18 13:36:03+00:00,CargoShipVoyage,"Purveyors of sea travel since 1993, we are worldwide booking agents for passengers on cargo ships. Licensed UK travel agent TTA Member Q1569.","Cowes, UK",MV Astor UK to Aus small cruise ship alternative! 38 nights dep 05/11 BOGOF offer! #cargoshipvoyages #freightertravel http://t.co/clLEq6JlQJ,en,"['cargoshipvoyages', 'freightertravel']",['https://pbs.twimg.com/media/BvUx-oxCQAA3XRu.jpg'],
2014-07-14 19:53:10+00:00,CargoShipVoyage,"Purveyors of sea travel since 1993, we are worldwide booking agents for passengers on cargo ships. Licensed UK travel agent TTA Member Q1569.","Cowes, UK","Quick! Cabin canx on MSC ILONA EUR/UK/USA ECoast. Double, dep. o/a 12 Aug! #freightertravel #freightervoyages #travel http://t.co/gTBxNWDcWz",en,"['freightertravel', 'freightervoyages', 'travel']",['https://pbs.twimg.com/media/Bsh4pZsIgAAokRB.jpg'],
2014-07-05 09:35:57+00:00,CargoShipVoyage,"Purveyors of sea travel since 1993, we are worldwide booking agents for passengers on cargo ships. Licensed UK travel agent TTA Member Q1569.","Cowes, UK",CMA CGM Tosca - Asia - East Coast South America - South Africa now taking pax #southamerica #freightertravel #travel http://t.co/znFT7apbZo,en,"['southamerica', 'freightertravel', 'travel']",['https://pbs.twimg.com/media/BrxVEiKIAAATp2R.png'],
2014-07-05 09:18:48+00:00,CargoShipVoyage,"Purveyors of sea travel since 1993, we are worldwide booking agents for passengers on cargo ships. Licensed UK travel agent TTA Member Q1569.","Cowes, UK",CMA CGM West Africa - Asia (ASAF) now taking passengers; contact us for details! #freightertravel #travel #westafrica http://t.co/vSGdBJfvqt,en,"['freightertravel', 'travel', 'westafrica']",['https://pbs.twimg.com/media/BrxRJPNCAAALIBB.png'],
2014-07-05 09:13:20+00:00,CargoShipVoyage,"Purveyors of sea travel since 1993, we are worldwide booking agents for passengers on cargo ships. Licensed UK travel agent TTA Member Q1569.","Cowes, UK",Grimaldi - West Africa - 20% per pax discount on selected roundtrips from Tilbury! #tilbury #freightertravel #travel http://t.co/sAD9xBo7sQ,en,"['tilbury', 'freightertravel', 'travel']",['https://pbs.twimg.com/media/BrxP5P1CUAAPfuh.jpg'],
2014-06-22 11:54:14+00:00,CargoShipVoyage,"Purveyors of sea travel since 1993, we are worldwide booking agents for passengers on cargo ships. Licensed UK travel agent TTA Member Q1569.","Cowes, UK","Exclusive 6 day cruise along the Caledonian Canal, groups or individuals. #caledoniancanal #freightertravel #travel http://t.co/Yxq7MrX6a2",en,"['caledoniancanal', 'freightertravel', 'travel']",['https://pbs.twimg.com/media/Bqu4DRGCUAA-ujA.jpg'],
2014-06-20 12:09:08+00:00,CargoShipVoyage,"Purveyors of sea travel since 1993, we are worldwide booking agents for passengers on cargo ships. Licensed UK travel agent TTA Member Q1569.","Cowes, UK",NEW - N Europe to C America &amp;  W Coast South America 56 days roundtrip with passengers #travel #freightertravel http://t.co/rbnZMqYmM9,en,"['travel', 'freightertravel']",['https://pbs.twimg.com/media/BqkoSRGIQAEGS6l.png'],
2014-05-07 10:40:09+00:00,CargoShipVoyage,"Purveyors of sea travel since 1993, we are worldwide booking agents for passengers on cargo ships. Licensed UK travel agent TTA Member Q1569.","Cowes, UK","CMA CGM now offers Europe to Peru &amp; Ecuador via Panama Canal, 56 days roundtrip with pax! #freightertravel #travel http://t.co/XOyMa5gDWk",en,"['freightertravel', 'travel']",['https://pbs.twimg.com/media/BnBt9rQIMAAuHZp.png'],
2014-05-05 09:05:57+00:00,CargoShipVoyage,"Purveyors of sea travel since 1993, we are worldwide booking agents for passengers on cargo ships. Licensed UK travel agent TTA Member Q1569.","Cowes, UK",Latest availablity CMA CGM Europe to/from Australia with passengers #freightervoyages #cargoshiptravel #cargocruises http://t.co/vA8SQ37PXG,en,"['freightervoyages', 'cargoshiptravel', 'cargocruises']",['https://pbs.twimg.com/media/Bm3FOhYCMAAgIR9.png'],
2014-03-19 11:48:02+00:00,CargoShipVoyage,"Purveyors of sea travel since 1993, we are worldwide booking agents for passengers on cargo ships. Licensed UK travel agent TTA Member Q1569.","Cowes, UK",Southampton to China weekly with passengers! #freightertravel #seatravel #southampton #isleofwight #voyages http://t.co/q6G5DAIg4M,en,"['freightertravel', 'seatravel', 'southampton', 'isleofwight', 'voyages']",['https://pbs.twimg.com/media/BjFnmZdCQAALMeJ.jpg'],
2014-03-19 11:36:28+00:00,CargoShipVoyage,"Purveyors of sea travel since 1993, we are worldwide booking agents for passengers on cargo ships. Licensed UK travel agent TTA Member Q1569.","Cowes, UK","Tilbury to Brazil weekly with passengers!
#tilbury #freightertravel #brazil #seatravel #flightlesstravel #travelbysea http://t.co/Eom2UIBpNX",en,"['tilbury', 'freightertravel', 'brazil', 'seatravel', 'flightlesstravel', 'travelbysea']",['https://pbs.twimg.com/media/BjFk88QCIAAsmB-.jpg'],
2014-03-19 09:41:00+00:00,CargoShipVoyage,"Purveyors of sea travel since 1993, we are worldwide booking agents for passengers on cargo ships. Licensed UK travel agent TTA Member Q1569.","Cowes, UK",Tilbury - West Africa weekly with passengers #freightertravel #travel #flightlesstravel #thames #tilbury #westafrica http://t.co/7UDkJWzc26,en,"['freightertravel', 'travel', 'flightlesstravel', 'thames', 'tilbury', 'westafrica']",['https://pbs.twimg.com/media/BjFKhlACYAAFXRV.jpg'],
2014-03-19 09:30:18+00:00,CargoShipVoyage,"Purveyors of sea travel since 1993, we are worldwide booking agents for passengers on cargo ships. Licensed UK travel agent TTA Member Q1569.","Cowes, UK",Weekly EuroMed - Bristol/Portbury or Southampton #freightertravel #bristol #southampton #travel #cargoshiptravel http://t.co/SFYzjMnhaS,en,"['freightertravel', 'bristol', 'southampton', 'travel', 'cargoshiptravel']",['https://pbs.twimg.com/media/BjFIEx9CMAAjheb.jpg'],
2014-03-16 07:57:26+00:00,CargoShipVoyage,"Purveyors of sea travel since 1993, we are worldwide booking agents for passengers on cargo ships. Licensed UK travel agent TTA Member Q1569.","Cowes, UK",RT @jason_photos: @LondonPortAuth http://t.co/CrRncUkC56,und,,['https://pbs.twimg.com/media/BiyMlDvCQAAlFom.jpg'],
2014-03-16 07:57:21+00:00,CargoShipVoyage,"Purveyors of sea travel since 1993, we are worldwide booking agents for passengers on cargo ships. Licensed UK travel agent TTA Member Q1569.","Cowes, UK",RT @jason_photos: @LondonPortAuth http://t.co/Q45HJSNkq6,und,,['https://pbs.twimg.com/media/BiyM8BoCcAEjYh3.jpg'],
2014-03-15 21:22:22+00:00,CargoShipVoyage,"Purveyors of sea travel since 1993, we are worldwide booking agents for passengers on cargo ships. Licensed UK travel agent TTA Member Q1569.","Cowes, UK","RT @CMA_CGM_Group: #Photography : an aerial #photo of the #CMACGM FIDELIO (9,400 TEU) http://t.co/iiPQlED70z",en,"['Photography', 'photo', 'CMACGM']",['https://pbs.twimg.com/media/Bishe7CCYAAV6B8.jpg'],
